Goal,Rep_1,Rep_2,Rep_3,Rep_4,Rep_5,Rep_6,Rep_7
abandon,Empty house,Forgotten toys,Deserted street,Discarded possessions,Forsaken city,,
abhorrence,Disgust,Revulsion,Loathing,Repugnance,Aversion,,
ability,Brain,muscles,skills,intelligence,training,,
absence,Empty chair,Blank paper,Missing Person Poster,Closed Door,No Entry Sign,,
abstract,Artwork,Expressionism painting,Minimalist sculpture,Abstract shapes,Colorful patterns,,
absurd,Surrealism painting,Dali melting clock,nonsense words,Escher staircase,Alice in Wonderland,,
abundance,Fruits basket,Cornucopia horn,overflowing glass of water,Money bag,Gold bars,,
academia,Library,books,lecture hall,diploma,professors,,
academic,Lab coat,whiteboard full of equations,books stacked high,laptop with data analysis software open,,,
acceleration,Speedometer needle,Race track curve,F1 car,Jet engine exhaust,Rocket taking off,,
acceptance,handshake,open arms,nodding head,thumbs up gesture,warm smile,,
access,Password input field,Security system illustration,Gate entrance,Door knob,Lock icon,,
accordance,Signature,handshake,agreement document,partnership logos,cooperation icon,,
account,Wallet,bank statement,credit card,money,piggy bank,,
accounting,Calculator,Spreadsheet,Financial Report,Invoice,Receipt,,
accumulation,Cash money,stack of coins,pile of bricks,mountain,warehouse full of goods,,
accuracy,Bullseye target,Measurement device,Stopwatch,Straight edge ruler,Weighing scale,,
accused,courtroom,witness stand,lawyer,gavel,prison bars,,
achievement,Gold medal,Trophy,Certificate,Award ceremony,High score,,
acquaintance,Handshake,Smiling face,Coffee cup,Office desk,Social media logo,,
acquisition,contract,handshake,money exchange,business suit,briefcase,,
act,Actor/actress,Theater stage,Script,Drama mask,applause symbol,,
acting,Stage lights,Script,Microphone,Mask,Director chair,,
action,Running man,Jumping person,Person riding bicycle,Dancing lady,Hiking couple,,
activation,Brain activity,Energy flow,Neuron firing,Muscle movement,Synapse connection,,
activity,Running shoes,dumbbells,gym equipment,yoga mat,mountain climbing gear,,
acts,Law books,Judge's gavel,Legal documents,Courtroom,Constitution,,
acute,Sickness,hospital bed,thermometer,stethoscope,bandages,,
add,Sum symbol,Equation,Calculator,Graph showing addition operation,Pie chart,,
administration,Office building,meeting room,desk,computer screen,paperclip,,
adolescence,High school student,skateboard,acne,phone,teenage rebellion symbol,,
adoration,Heart shape,Roses,Valentine day card,Hug,Kiss mark,,
advantage,Trophy,Winner medal,Crown,Top rank symbol,First place icon,,
adventure,Hiking boots,compass,map,campfire,mountain peak,,
advice,Wise Owl,Book,Teacher,Mentor,Scales of Justice,,
advocate,Gavel,Scales of Justice,Courtroom,Briefcase,Lawyer,,
aeration,Oxygen molecules,Air bubbles in water,Bubbles rising from fish tank,Breathing mask,Vent,,
aerospace,Rocket launchpad,Spacecraft,Astronaut suit,Satellite dish,Aerospace engineering diagrams,,
aesthetic,Artwork,Painting,Sculpture,Beautiful scenery,Fashion design,,
affair,Lovers,Hotel Room,secret message,rose petals,candlelight dinner,,
affection,Hug,kiss,gift box,heart shape,holding hands,,
africa,Desert,Safari,Lion,Pyramids,Tribal Mask,,
afterlife,Heaven,Hell,angels,reincarnation,ghosts,,
afternoons,Sunlight streaming through window,coffee mug,newspaper,afternoon nap,sunset over city skyline,,
age,wrinkles,white hair,glasses,walking stick,hearing aid,,
aggravation,angry face emoji,red exclamation mark symbol,person pulling their hair out,smashed phone screen,,,
aggression,fist,shouting face emoji,broken window,angry crowd,bull charging,,
agitation,shaking hand,clenched fist,raised voice,angry expression,breaking something,,
agony,Heartache,Sadness,Sorrow,Disappointment,Betrayal,,
aid,Medical supplies,food rations,tents,shelter,medicine,,
alert,Alarm clock,Exclamation mark,Red light,Emergency room,Warning sign,,
alleviation,Calmness,Relaxation techniques,Nature walks,Yoga poses,Breathing exercises,,
alliance,handshake,contract,partnership logo,group picture,corporate building,,
aloofness,Isolation,Coldness,Distance,Unapproachability,Detachment,,
alternative,Yoga mat,Meditation cushion,Incense sticks,Chakra symbols,Aromatherapy diffuser,,
altitude,Mountain peak,Airplane,Clouds,Astronaut helmet,Parachute,,
altogether,Group photo,Family dinner,People holding hands,Crowd at concert,Friends playing sports together,,
ambition,Career ladder,trophy,mountain peak,race finish line,goal post,,
ambivalence,Confusion,Conflict,Indecision,Struggle,Question mark,,
amendment,Constitution,Pen,Signature,Law Book,Flag,,
amusement,Clowns,circus tent,popcorn stand,rollercoaster rides,laughing kids,repairs,
analysis,Graphs,Charts,Tables,Statistics,Calculator,,
ancestors,Family tree,genealogy book,grave stone,old photo,ancient artifact,,
ancestry,Family tree,DNA test,old photo albums,genealogical database,family crest,Religious symbols,
ancient,ruins,temple,hieroglyphics,mummy,desert sand dunes,,
anemia,Red blood cell,pale skin,weakness,fatigue,tiredness,,
anesthesia,Mask,syringe,IV bag,Operating room,Scrubbed hands,,
anger,Fist,Red Face,Fire,Exclamation Point!,Crying child,,
anguish,crying face,dark clouds,broken heart,loneliness,pain,,
animosity,angry face,fist,fight scene,broken heart,argumentative debate,,
anniversary,Rose flowers,Wedding Rings,Champagne Glasses,Candles,Heart shaped boxes,,
annunciation,Angel Gabriel,Virgin Mary,Dove symbolizing Holy Spirit,Annunciation scene painting or sculpture,Bible,,
answer,Question mark,Exclamation point,Light bulb,Checkmark,Cross,,
antarctic,penguin,iceberg,polar bear,igloo,snowstorm,,
anticipation,Clock,Hourglass,Watch,Calendar,Countdown timer,,
antiquity,Ruins,Pyramids,Ancient writings,Mosaics,Statues,,
apostle,Disciples,Gospel,Bible,Jerusalem,Cross,,
appeal,Beautiful person,beautiful scenery,flower bouquet,perfume bottle,jewelry,,
appearance,mirror,clothes rack,makeup bag,hairbrush,perfume bottle,,
appetite,Fork,Knife,Plate,Food,Stomach,,
appointment,Calendar,Clock,Meeting room,Person sitting at desk waiting,Notepad,,
appreciation,Gift card,Compliment,Thank you note,Hug,flowers,,
approach,steps leading up to door,path through woods,road approaching city skyline,ladder leaning against wall,,,
approval,Thumbs up emoji,High five hand gesture,Applause icon,Checkmark symbol,Star rating,,
architect,Blueprints,Construction site,Buildings,Architectural models,Sketches,,
arctic,Polar Bear,Igloo,Snow,Aurora Borealis,Penguins,,
aristocracy,Crown,sceptre,throne,palace,royal seal,,
armageddon,Apocalypse,War,Chaos,Nuclear explosion,End of world,,
arrangement,flowers,vase,table setting,music score,furniture layout,,
arrival,Airport,Train Station,Port,Homecoming Banner,Family Reunion,,
ascension,angels wings,clouds,rising star,halo,rays of light,,
assortment,Collection of items,Different colors,Variety of shapes,Mixed materials,Many sizes,,
assumption,Question mark,Guessing game,Wrong direction arrow,Crossroad sign,Broken chain link,,
assurance,Insurance certificate,Shield icon,Umbrella icon,Building under construction,Fire extinguisher,,
attempt,failure,determination,perseverance,success,effort,,
authoritarianism,Dictatorship,propaganda poster,prison cell,barbed wire fence,military uniform,,
autocracy,Crown,scepter,throne,king portrait,iron fist,,
autonomy,Self-driving vehicle,A.I.,drone,human hand holding remote control device,GPS map navigation system,,
autumn,Leaves falling from trees,Pumpkin patch,Apple picking,Sweaters and scarves,Halloween costumes,,
awareness,Mindfulness meditation practice,yoga pose,eyes wide open,sunrise,mind map,boxing gloves,
awe,Rainbow,sunset,Grand canyon view,Aurora Borealis lights,majestic waterfall,,
babyhood,Crib,Diapers,Baby bottle,Rattle,Pacifier,,
backup,cloud storage,USB stick,external hard drive,NAS box,DVD disc,,
baffled,Question mark,exclamation point,confused face emoji,puzzled expression,scratching head,,
balance,Scales,Weighing scales,Libra constellation,Equality symbol,Justice statue holding scales,,
bankruptcy,Courtroom,Judge gavel,Paperwork,Foreclosure sign,Bankruptcy lawyer,,
baroque,Baroque music,Painting,architecture style,Furniture design,fashion,,
barren,Desert,dry land,no vegetation,emptiness,desert rocks,,
basic,pencil,eraser,paperclip,notepad,stapler,,
beauty,Flowers,sunset over ocean waves,rainbow arching across sky,face of smiling woman,colorful birds,,
bedtime,Pyjamas,Moonlight,Clock showing late time,Night lamp,Warm blanket,,
belief,Bible,Quran,Buddha statue,Cross necklace,Hindu temple,,
believing,Cross,Bible,Church,Star of David,Koran,red x mark,
belonging,Family photo album,home key chain,childhood toy,passport,old diary,,
beloved,Heart,Rose flower,Wedding ring,Engagement Ring,Couple walking hand in hand,,
benevolence,Hugging,giving money to charity,smiling at someone,helping another person,volunteering,,
best,Trophy,medal,ribbon,award ceremony stage,podium,,
betrayal,Dagger,Backstabbing person,Snake,Traitor,Broken heart,,
binding,Rope,chain,glue,tape,handcuff,,
biology,Cell,DNA,Evolutionary Tree,Bacteria,Microscope,,
birthday,Cake,candles,presents,balloons,party hats,,
birthing,pregnant woman,ultrasound machine,baby,hospital room,stork,,
bitterness,Lemon,Crying Face Emoji,Sad Face Emoji,Tears Drop Icon,Unhappy Smile Icon,,
blank,white space,nothingness,void,absence,emptiness,,
bliss,Smiling face,Relaxing environment,Happiness,Peaceful nature scene,Calm Mindset,,
bohemia,Bohemian dress,Flower crown,Beaded necklace,Dreamcatcher,Incense,,
bold,Lion,Warrior,Strongman,Bull,Sword,,
bore,Sleepy face emoji,Snoring sound effect,Clock showing late hours,Boring book cover,,,
botany,Plant cell structure diagram,Herbarium specimen collection box,Botanical illustration,Greenhouse,Laboratory,,
bourgeois,Luxury cars,expensive watches,big houses,private jets,fancy clothes,,
brave,Lion,sword,shield,soldier,firefighter,,
brazil,Christ Redeemer Statue,Carnival,Soccer Ball,Amazon Rainforest,Sugarloaf Mountain,,
brethren,Bible,Cross,Holy book,Church building,congregation,,
buddhism,Buddha Statue,Lotus flower,Bodhi Tree leaf,Incense Sticks,Prayer wheel,,
budding,Flowers,Spring season,Trees,Garden,Plants,,
burden,Weight,heavy backpack,chain link,yoke,exhausted person,,
bureaucracy,Red Tape,Stamp,Paperwork,Clock,File Cabinet,,
business,Suits,Office Space,Briefcase,Computers,Presentation Slides,Prayer hands,
bygone,Antiques,Vintage car,Old photograph,Abandoned building,Ruins,,
calcification,calcium deposit,bone fracture,mineralization process,x-ray showing calcium buildup,joint pain,,
calling,Phone,Telephone booth,Ringing bell sound,Calling card,Answering machine,,
calm,lake,beach sunset,hammock,clouds,mountain,hourglass,
capability,Power icon,gear mechanism,energy symbol,tool box,brain shape,,
capitalism,Dollar bill,Wall Street Bull statue,factory assembly line,wealthy businessman,stock market chart,,
capitalist,Suit and tie,briefcase,money,chart showing stock prices rising,skyscraper office building,,
captive,Prisoner’s uniform,shackles,prison cell bars,court room gavel,criminal record book,,
carbonization,coal,charcoal,burnt wood,blackened metal,soot,,
care,Heart icon,Hand holding heart shape,Medical equipment,Nurse hat,Red Cross symbol,,
career,Business suit,briefcase,laptop computer,business meeting room table and chairs,office building exterior,,
caring,Heart,smiley face,hug,helping hand gesture,holding hands,,
cartel,Money,Drugs,Illegal activities,Weapons,Organization structure chart,,
catholic,Rosary beads,Crucifix,priest,Stained glass window from church,Bible,,
century,Clock,Calendar,Yearbook,Historical document,Photograph from another era,,
challenge,Mountain Climbing,Racing Car,Jigsaw Puzzle Pieces,Boxing Glove,Chessboard,,
chance,dice,roulette wheel,coin toss,lottery ticket,slot machine,,
chaos,Explosion,Fire,Earthquake,Tornado,Flood,,
chapter,Book,writing,novel,story,pages,,
character,hero,villain,sidekick,mentor,love interest,,
charity,Donation box,Giving hands,Volunteers helping others,Fundraising event,Donor receipt,,
charter,Boat,Ocean waves,Anchor,Sun setting over water,Lighthouse,,
chef,Chef hat,Knife set,Pots and pans,Food platter,Apron,,
childhood,toys,sandbox,schoolyard,playground slide,ice cream cone,,
china,Great Wall of China,Rice field,Tea set,Pagoda,Dragon dance,,
chosen,Crown,Sword,Throne,Map showing borders,Statue of Leader,,
christian,cross necklace,Bible,church building,praying hands,priest robe,,
christianity,Cross,Bible,Jesus figure,church building,rosary beads,,
christmas,Santa Claus,Christmas tree,Presents under tree,Snowman,Reindeer,,
circulation,blood vessels,heart,oxygenated blood,veins,arteries,,
circumstances,People shaking hands,business meeting,conference room,agreement contract,negotiations,,
citizenry,Voting booth,Flag,National Anthem,Constitution,Social Security Card,,
civilization,Skyscrapers,Statue Of Liberty,Roads & Bridges,Metro system,Modern Lifestyle,,
claim,Insurance form,Accident scene,Doctor visit note,X-ray report,Hospital bill statement,,
clan,Family tree,Coat of arms,Crest,Ancestor portraits,Castle,,
clarity,water droplet,mirror reflection,eye,sunlight shining through clouds,white blank sheet of paper,,
classical,Beethoven,Mozart,Chopin,Symphony Orchestra,Music Sheet,Saint statue,
classified,Secret documents,CIA building,encrypted message,Spy gadgets,surveillance camera,,
clean,Water,Soap,Sponge,Brush,Vacuum cleaner,,
coalition,People joining hands,Union flag,Alliance logo,handshake agreement,Treaty document,,
colonial,tea cup,musket rifle,sailing ship,redcoat uniform,British flag,,
combination,Lock,Key,Password,Encryption algorithm,Biometric scanner,,
comfort,pillow,blanket,soft bed,fireplace,cozy room,,
coming,door opening,footsteps approaching,vehicle engine sound,clock ticking faster,someone saying “I’m here,,
commentary,Speech bubbles,Newspaper article,Television show interview,Podium,Microphone,CEO,
commerce,Shopping bag,Money,Banknote,Market stalls,Payment terminal,,General
commercial,product advertisement,sales promotion,customer service representative,price tag,shopping cart,,
commission,Meeting room table,Contracts,Briefcase,Pen and paper,Legal documents,,
commitment,Ring,Vows,Promise,Contract,Signature,,
commonwealth,Parliament building,Map showing member countries,Commonwealth flag,Leaders shaking hands at summit,Sports event,,
communication,Telephone,Email,Letter,Meeting room,Megaphone,,
comparative,Bar chart,Pie Chart,Line Graph,Venn Diagram,Infographic,,
compassion,Kindness,empathy,caring for others,helping hand,comforting gesture,,
compatibility,Heart shape,Puzzle pieces fitting together,Two hands shaking,Venn diagram intersection,Checkmarks next,,
complacency,Slippers,Newspaper,TV remote control,Comfortable couch,Mug of coffee,,
complaint,Sad face emoticon,Angry customer service rep,Broken product,Refund form,Frustr,,
complex,Numbers,equations,variables,symbols,imaginary plane,,
composition,Painting,photograph,Sculpture,Music sheet,Dance moves,,
compound,Molecules,atoms,chemical structure,lab equipment,periodic table,,
conceit,Mirror,Mask,Compliment,Beauty Product,Makeup Artist,,
concentration,Focus icon,Mind map,Zen garden,Person sitting alone thinking,Yoga pose,,
confederacy,Confederate Flag,Robert E Lee Statue,Jefferson Davis Portrait,Civil War battlefield map,Southern State seal,,
confederate,Flag,Cotton,Plantation,Slave Trade,Antebellum,,
confidence,Smiling face,raised eyebrows,thumbs up gesture,arms crossed posture,confident body language,,
conflict,War,Guns,Fist fight,Explosion,Protest,,
confluence,River junction,two paths joining into one,merging ideas,integration symbol,intersection of lines,,
confusion,Question mark,Maze,Interrogative face,Confused facial expression,Crossed wires,,
conscience,Heart,Mirror,Balance scales,Angel and devil on shoulders,Judge gavel,,
consciousness,Eye symbol,Mind map,Human brain model,Brain activity graph,Thought bubble icon,,
consent,Signature on paper,thumbprint,handshake,verbal agreement,nodding head,,
conservative,Flag pin,American flag,Military personnel saluting,Statue of Liberty,Bald Eagle,,
consideration,money,paperclip,handshake,signature,thumbs up,,
consolation,hug,flowers,candle,sympathy card,cake,,
constitution,Scroll,Parchment,Signature,Seal,Quill Pen,star,
constitutional,Constitution document,court building,judges robes,gavel,flag,,
constraint,Rope,handcuff,barbed wire fence,locked door,prison cell,,
construct,Blueprint,Hammer,Saw,Crane,Building materials,,
consumption,Food,Water bottles,Credit card,Electricity bill,Waste disposal bin,,
contamination,Biohazard symbol,bacteria under microscope,toxic waste sign,spilled chemical containers,masked person handling,,
continuity,River,Road,Time arrow,Circle,Spiral staircase,,
continuum,Arrow,Straight line,Wave pattern,Spiral,Infinity symbol,epistemology,
convenience,ATM machine,self check out,fast food restaurant,online shopping,automated systems,,
convention,Conference Hall,Name Tags,Lectern,Microphone,Audience members seated in chairs,,
conviction,Judge gavel,Prison Bars,Lawyer arguing case,Witness stand,Jury Box,,
cooling,Refrigerator,Ice cube,Fan,Air conditioner,Open window,,
coolness,Sunglasses,leather jacket,motorcycle,shades,tattoos,,
cooperation,Handshake,Group discussion,Teamwork,Collaboration,Unity,,
corporation,Office Building,Stock Market Graph,Logo,Company Headquarters,Conference Room Table,,
correspondence,Letter envelope,Post Office,Mailbox,Pen,Stamp collection,,
corroding,Metal flakes falling off,Chemical reaction bubbles,Oxidation color changes,Surface rusting,Damage,,
corruption,bribe,black money,politicians,red tape,injustice,,
council,People sitting around table,Chairs,papers spread out,Microphone stand,Speaker lectern,,
counsel,Lawyer office,legal documents,Courtroom,Briefcase,Judge gavel,,
courage,Lion,soldier,firefighter,superhero,fist raised in protest,,
covenant,Bible,Contract,Seal,Signature,Parchment scroll,,
covert,mask,shadows,hiding place,underground room,spy camera,,
craving,Chocolate bar,ice cream cone,Burger,French fries,Pizza slice,,
crazy,mad scientist,straight jacket,asylum,laughing face,skull,tree,
creator,God,nature,human beings,machine intelligence,evolution process,,
credit,dollar bills,banknote,debt,loan application form,interest rate table,,
creditor,Debt document,money stack,Bank branch office,Interest rate formula,Credit score report,,
cretaceous,Dinosaurs,Pterodactyls,ferns,volcanoes,ocean,,
crime,Prison cell bars,Knife,Blood stains,Evidence bag,Courtroom scene,,
criminal,Prison cell,handcuffed hands,judge gavel,Wanted poster,police mugshot,,
crisis,fire,explosion,sinking ship,broken bridge,earthquake,,
criticism,Red pen,Commenting symbol,Cross mark,Correction symbols,Delete button,,
culture,Statue,Museum,Flag,Traditional dress,language symbol,,
curfew,Clock,Night sky,House with lights off,Alarm clock,Closed shop signs,,
curing,medicine bottles,thermometer,bandages,surgery instruments,hospital bed,,
curiosity,cat,telescope,question mark,laboratory equipment,open door,,
curriculum,textbook,syllabus,assignment sheet,exam schedule,course outline,,
custody,Key,door lock,padlock,metal detector,prison cell bars,,
custom,Custom shirt,Custom dress,Custom shoes,Custom furniture,Custom software,,
cynicism,Frown Face Emoji,Dark Clouds,Sadness icon,Black color,Broken Heart Emoji,,
daily,clock face,sunrise/sunset,newspaper/magazine,calendar page,shopping basket,,
damned,Hellfire,devil horns,pitchfork,crossroads,chains,,
danger,Warning Sign,Fire,Skull,Snakes,Rattlesnake sound,,
dare,Risky situation,Fear,Excitement,Adventure,Challenge,,
darling,roses,ring,heart-shaped box of chocolates,teddy bear,diamond necklace,,
dawning,Sun rays,Birds singing,Sunrise over horizon,Morning dew,Alarm clock ringing,,
deadline,Clock,Red line,alarm clock,calendar,time bomb,,
deal,Contract signed,Handshake,Exchange of goods,Currency,Transaction Completed,,
dealing,Cards,Poker chips,dealer shuffling deck,Casino background,Las Vegas skyline,,
debate,Speaker,microphone,audience,podium,timer,,
debt,Money,calculator,credit card statement,bank vault,interest rate chart,,
december,Christmas tree,Santa Claus,Snowman,fireplace,winter landscape,,
decision,Scales of Justice,Fork in road,Brain,Coin toss,Voting ballot,,
decree,Law book,Judge gavel,Courtroom sketch,Document paper,Signature pen,,
dedication,Time,Persistence,Sacrifice,Focused Mindset,Teamwork,,
defeated,Losing,Failure,Defeatist attitude,Loss,Surrender,tools,
defense,Shield,fortress walls,moat,military base,missile launch pad,,stage lights
definition,Textbook,dictionary,word cloud,magnifying glass over text,highlighted sentence in book,,
defoliation,Leaves falling from trees,bare branches,browned grasslands,dead plants,withered crops,,
degeneration,Deterioration,Worsening,Decline,Loss,Decay,,
degree,Diploma,Graduation ceremony,Cap and Gown,University building,Academic gown,,
delay,clock ticking slowly,traffic jam,queue at ticket counter,airplane taking off late,appointment postponed,,
delegation,Flag,Speeches,Conference table,Microphone,handshake,,
deletion,Garbage Can,Eraser,Red X,Delete Key,Shredder Machine,,
delight,Smile,Balloons,Cake,Party hats,confetti,,
demand,Money,Consumer goods,Market trends,Price changes,Supply chain,,
demise,Coffin,Funeral flower arrangement,Grim Reaper,Candlelight vigil,Tombstone,,
democracy,voting booth,ballot box,political party logo,government building,constitution document,,
denial,No entry sign,crossed out box,Stop hand gesture,Refusal letter,Closed door,,
departed,tombstone,funeral flowers,graveyard,coffin,urn,,
departure,Plane taking off,Road leading out of town,Train leaving station,People waving goodbye,Suitcase,,
dependence,Chains,rope tied around hands,shackles,needle and syringe,prisoner behind bars,,
dependent,Child,Woman,Man,Family member,Caretaker,,
depression,Sad face,Rainy sky,Empty room,Bed,Clock showing late hour,,
depth,Ocean,Cave,Mineshaft,Submarine,Deep Space,,
desire,Heart,Diamond ring,Wedding dress,Red rose bouquet,Engagement ring box,,
despair,Tears,Sadness,Loneliness,Darkness,Isolation,,
desperate,crying face,broken heart,sinking ship,drowning person,dark clouds,,
detail,microscope,magnifying glass,close-up photo,zoomed in camera view,fine print,,
detective,Notebook,magnifying glass,Clues,fingerprints,Sherlock Holmes hat,,
determination,Goalpost,medal,finish line tape,stopwatch,runner,,
dignity,Respected person,handshake between two people,award ceremony,Statue of Justice,Flag raising,,
dimension,ruler,graph paper,map,protractor,tape measure,,
disability,Wheelchair,Guide dog,White cane,Sign language interpreter,Hearing aid,,
disapproval,Frowning Face,Dislike Button,Angry Emoji,Downward Thumbs Up Symbol,Red Cross,,
disaster,Firefighters putting out fire,Earthquake destroyed city,Flooded streets,Hurricane damage,War Zone,,
discipline,Timetable,Clock,List,Diary,Reward System,,
discontent,Frown Face Emoji,Angry Person Picture,Sad Face Drawing,Broken Heart Image,Tear Stained,,
discourse,Speech bubble,conversation icon,debate scene,dialogue window,public forum illustration,,
discovery,lightbulb,magnifying glass,telescope,microscope,compass,,
disease,Virus,Bacteria,Blood sample,Sick person,Medical mask,,
disorder,Messy room,Cluttered desk,Tangled wires,Overcrowded street scene,L,,
disposal,Rubbish bin,Recycling logo,Landfill site,Incinerator plant,Plastic bottles piling,,
dispute,Law book,scales of justice,courtroom,two arguing figures,gavel,,
dissolving,Salt,water,coffee granules,sugar cubes,ice cubes,,
distress,Sad face,tears,crying person,lonely house,dark clouds,,
diversity,Rainbow Flag,People from different backgrounds talking together,globe,variety of food items,puzzle pieces fitting,,
divine,Cross,Angel,Halo,Starry night sky,Church building,,
divinity,Cross,Church building,Angel wings,Prayer beads,Bible,,
divorce,Papers,judge,lawyer,courtroom,crying child,,
doctor,Stethoscope,white coat,scrubs,medical equipment,Hospital bed,,
domestication,Pet dog,cat,farm animal,horse,taming,,
dominance,Lion,King,President,Throne,Crown,,
dominant,Lion,King,Leader,Boss,General,,
dominion,Crown,scepter,map of territory under control,throne,symbol of monarchy,,
doomed,Skull,crossbones,gravestone,Grim reaper,broken glass,,
doomsday,Nuclear explosion,Tornado,Earthquake,Volcano eruption,Asteroid impact,,
doubt,Uncertainty symbol,Question mark,Shadowy figure,Confused face,Rubik's cube uns,,
downtime,Hammock,couch,beach chair,cup of tea,bookshelf,,
drama,Stage curtains,Spotlight,Theater seats,Microphone,Script pages,,
dread,anxiety,fear,stress,worry,apprehension,,
dream,sleep,pillow,cloud,moon,stars,,
driver,steering wheel,car key,gas pedal,road signs,map,,
duality,Yin yang symbol,Male-female couple,Light-dark colors,Sun-moon combo,Good-,,
due,Deadline,Clock,Calendar,Time Limit,Contract,,
duration,clock,calendar,hourglass,timeline,stopwatch,,
duty,Military uniform,military boots,salute,flag,oath,,
dying,Coffin,Cemetery,Tombstone,Funeral flowers,Black clothing,,
dynasty,Emperor,Crown,Throne room,Palace,Castle,,
earshot,Hearing Aid,Microphone,Loudspeaker,Sound waves,Ear,gavel,
east,Sunrise,Sunbeam,Ocean,East Asian Culture elements like pagoda,dragon,,
easter,Eggs,Bunnies,Chocolate,Flowers,Crosses,,
ecology,Recycling symbol,Trees,Birds,Grassland,Water droplet,,
economics,Pie chart,Dollar bills,Supply demand curve,Economic model equation,Stock market graph,,
economy,Money,graph showing growth,stock market ticker,currency exchange rates,factory,,
editorial,Typewriter,Newspaper article,Magazine cover,Editor’s desk,Pen and paper,,
education,Blackboard,school bag,Pencil,Globe,Library,,
effervescence,Bubbles,Fizzing sound,Carbonated drink,Champagne bottle opening,Foam,,
egomania,Mirror,Crown,Trophy,Statue,Throne,,
elite,Luxury cars,Mansions,Private jet,Expensive watches,Champagne,,
emotion,face expressions,color palette,body language,music notes,weather symbols,,
empire,Rome Colosseum,Roman Soldier Armor,Julius Caesar Portrait,Roman Legion Shield,Aqueduct,,
employ,Job Interview,Resume,Contract,Salary,Workstation,,
employment,Resume,Job Interview,Businessman shaking hands,office building,briefcase,,
emulation,Console controller,Retro video game system,Cartridge,Joystick,TV screen,,
enchantment,Magic wand,Spellbook,Fairy dust,Crystal ball,Unicorn,,
ending,Full stop punctuation mark,sunset,person waving goodbye,closed door,final chapter,,
enemy,Bombs falling from plane,soldiers fighting,flags waving,fire burning,destruction,,
engineer,Tools,construction site,mathematical equations,CAD drawing,blueprints,,
engineering,gears,tools,circuit boards,drawings,calculations,,
enjoyment,laughing faces,smiley emojis,fireworks display,balloons floating up into sky,hands clapping together,,
enlightened,Buddha statue,Zen garden,meditation pose,chakra symbol,Om sign,,
enlistment,Army uniform,Camouflage gear,Boot camp exercises,Military flag,Enlistment papers,,
enthusiasm,Smiling face,Thumbs up sign,Jumping person,Applause,Party decorations,,
envy,Green eye color,broken heart,two-faced mask,snake,rotten apple,non-existence,
equal,Math symbol,Balance scales,Two identical items side by side,Mirror reflection,Double helix DNA,,
equality,Balance scales,Equal sign (=),Rainbow flag,Hands holding hands,Fist raised,memes,
equilibrium,Balance beam,Pendulum,Equation with equal signs,Weighted scale,Level water surface,,
escape,Running person silhouette,Bird flying away,Open door,Locked door behind,Escape rope ladder hanging from,,
essence,Vial,Perfume bottle,Flower petals,Aromatherapy diffuser,Candle flame,,
estimate,Calculator,Graph showing data points,formula written on paper,bar chart,dollar bills,,
eternity,infinity symbol,timelessness,universe,black hole,spiral galaxy,,
ethics,Scales of Justice,Handshake Agreement,Golden Rule text,Good Samaritan story,Compassionate,,
ethnic,Traditional clothing,traditional food,cultural artifacts,language,customs,,
evaluation,Test papers,Exam room,Grading scale,Red pen markings,Report cards,,
evil,Skull,Devil Horns,Fire flames,Scythe,Dark clouds,,
evolution,Darwin,finch,tree,fossil,human skeleton,,
excellence,trophy,certificate,ribbon,medal,applause,,
exclusion,Lock,Closed door,Red “X”,Social media unfollowing icon,Group photo without person,,
exclusive,Luxury Car,Private Jet,Rolex Watch,Red Carpet,VIP Lounge,,
excuse,Sorry!,Apology Letter,Regretful Face,Handshake,Make-up Gift Box,,
exhaustion,Sleepy face,drooping eyes,yawn,empty coffee cup,collapsed figure,,
exhilaration,Jumping for joy,arms up,smile,rollercoaster,fireworks,,
exile,Prisoner,Island,Banishment,Abandonment,Outcast,,
expedition,Tent,compass,backpack,Mountain peak,sleeping bag,,
experience,Job,certificate,diploma,skills,knowledge,,
experiment,test tubes,Bunsen burner,Petri dish,microscope,scientist working at lab bench,,
expert,Glasses,Lab coat,Scientific equipment,Whiteboard full of equations,Bookshelf with technical books,,
expiration,Milk carton,Calendar page,Clock face,Trash bin,Time bomb,,
extinction,Dinosaur skeleton,Endangered species list,Smokestacks polluting environment,Empty nest,Forest,,
extraction,Oil Rig,Gold mine,Coal Mine,Water well,Hydraulic fracturing equipment,,
extreme,Cliff jumping,Bungee jumping,Free solo climbing,Wingsuit flying,Extreme sports gear,,
exuberance,fireworks,balloons,confetti,party poppers,sparklers,,
exultation,Confetti,Fireworks display,trophy,champagne bottle popping,smiling faces cheering,,
faith,Cross,Rosary beads,Bible,Prayer pose hands together,Worship service in church,,
faithful,Cross necklace,Bible,Prayer hands,Church building,Faithful person praying,,
fame,red carpet,golden statue,paparazzi camera flash,applause hands,celebrity magazine cover,,
fancy,Champagne flutes,Expensive dress,Limousine,Fine dining restaurant interior,Luxury watch,,
fashion,Runway,Designer clothes,Shopping mall,Fashion model,High heels shoes,,
fast,Racecar,Roadrunner cartoon character,Speedometer gauge needle pointing high,Jet engine exhaust,lightning,,
fatherland,Flag,national monument,coat of arms,national anthem,traditional costume,,
fatigue,bed,pillow,sleep,tired eyes,clock,,
fear,Skull,Spider web,Dark room,Shadows,Darkness,,
february,snowflakes,hearts,groundhog day,valentine’s day card,presidents’ day sale,,
fed,Federal Reserve Building,Money printing press,Interest rate chart,Dollar bills,Financial reports,,
federal,Capitol building,American flag,eagle,Constitution document,Supreme Court,,
federation,Flag,Constitution,Court House,Capitol Building,Statue of Liberty,,
feedback,Megaphone,Loudspeaker,Graph,Report Card,Performance review,,
fellowship,Friends,group photo,campfire,sharing food,laughter,,
feminization,lipstick,high heels,hair bow,dress,earrings,,
fertility,pregnant woman,baby,ultrasound image,birth certificate,family planning clinic,,
fervor,Flames,Burning candle,Molten metal,Hot coals,Volcano eruption,,
feudalism,King,castle,Knight on horseback,peasants working field,Lord of Manor,,
fever,thermometer,sweat drops,medicine bottle,doctor’s coat,bed rest,,
fiction,Fantasy novel cover,Sci-Fi spaceship illustration,Comic Book panels,Movie Poster,Pop Art painting,,
fidelity,wedding ring,heart symbol,two hearts intertwined,couple holding hands,vow exchange scene,,
finance,Stock exchange graph,money,bank building,safe,financial statement,,
find,Treasure map,treasure chest,magnifying glass,binoculars,compass,explosion,
finding,Compass,Map,GPS,Hiking boots,Binoculars,,
finish,Checkered flag,Finish line,Podium,Champagne bottle,Winner’s trophy,,
finishing,Medal,Podium,Victory gesture,Finish line tape,Champagne bottle,,
fit,Gym equipment,healthy food,exercise routine chart,measuring tape,before/after picture comparison,,
fitness,Dumbbells,Barbell,Exercise machine,Jump rope,Water bottle,,
fix,wrench,screwdriver,tape measure,hammer,nails,,
fixation,Eyes,Gaze,Camera lens,Stare,Glance,,
flexibility,yoga pose,dancer,gymnast,elastic band,rubber ball,,
florescence,flower,plant,garden,nature,color palette,,
flux,Magnet,Electric current,Circuit diagram,Electromagnetic field lines,Flux capacitor,,
focalization,Eyes,telescope,camera lens,microscope,glasses,,
focus,Camera lens,Target,Bullseye,Eye Chart,Concentration,,
foe,Enemy soldier,angry face,bomb icon,war zone map,burning building,,
fondness,Heart emoji,Hug,Kiss,Chocolate box,Love letter,,
fool,Clown face,Donkey ears,Banana peel,Foolscap paper,Card deck,,
forenoon,Morning coffee,Sunrise,Alarm clock,Breakfast table,Newspaper,,
forgiveness,handshake between two people,hug between two persons,tears,heart-shaped candy box,broken chain,,
formation,School,Army,Gymnastics team,Dance troupe,Music band,,
forties,Swing dance,pinup girl poster,vintage radio,fedora hat,cigarette holder,,
fortnight,Battle royale game,Dance moves,Seasonal events,Skins,Weapons,,
fossilization,Skeleton,Rock layers,Petrified wood,Fossils,Geological formation,,
foster,Parents,Child,adoption agency,Home,family tree,,
framework,Structure,Foundation,Scaffold,Support system,Outline,,
france,french flag,baguette bread,wine glass,beret hat,eiffel tower silhouette,,
fraternity,Greek letters,Pledge Pin,Brotherhood Symbol,House Party,Social Events,,
free,Open field,Sky,Bird flying,Running person,Empty space,,
freedom,Eagle,open road,Statue of Liberty,unlocked doors,breaking chains,,
freeman,American flag,Declaration of Independence,Freedom statue,Voting ballot box,Constitution document,,
friendliness,Smiling Face,Hug,Shaking Hands,Complimenting Someone,Helping someone out,,
friendship,Smile,hug,laughing together,sharing food,helping each other out,monster under bed,
fright,Ghost,haunted house,scary movie poster,spooky tree,darkness,,
frontier,Cowboy hat,saddle,wagon wheel,sunset over prairie,cattle drive,,
fulfillment,Achievement,Success,Smiling face,Trophy,Graduation gown,,
fun,Party balloons,clown face,dance shoes,beach ball,roller coaster ride,,
funny,Clown face,Laughing emoticon,Silly hat,Banana peel slip,Whoopie cushion,,
furies,Greek Mythology Characters,Torches,Snakes,Whips,Mask,,
fury,Anger,Rage,Wrath,Fury,Vengeance,,
future,Spaceship,hologram,robot,virtual reality glasses,futuristic cityscape,,
gender,Female icon,Male icon,non-binary symbol,Pink color palette,Blue color palette,,
genealogy,Family tree,DNA helix,Ancestors names,Birth records,Coat of arms,,
general,Army uniform,Stars on epaulets,Military medals,Helmet,War zone map,,
generation,baby,child,teenager,young adult,older person,,
genius,Einstein,Tesla,Newton,Edison,Da Vinci,,
genome,DNA Double Helix,Chromosomes,Cells under microscope,Genetic code written down,Scientist at work,,
genotype,DNA Double Helix structure,Chromosomes,Nucleotides,Base pairs,Mutation symbol,,
germination,Sprouting seedling,Seed packet,Soil,Water droplets,Sunlight,Statue,
ghost,White sheet,Scary face,Haunted house,Creaking door,Ouija Board,,
girlhood,Dollhouse,Teddy bear,Hair ribbons,Pigtails,Ballet slippers,,
give,Gift box,Money,Time,Love,Knowledge,happy faces,
gladness,Smiley face,Balloons,Cake,Party decorations,Confetti,black clothing,
glee,music notes,musical instruments,stage,microphones,dancers,,
globalization,Globe Icon,Connected Dots Map,Different Languages Flag,Trade Agreement Document,Factory Smoke Stack,,
gloom,Cloudy sky,Dark forest,Raindrops,Umbrella,Sad face emoji,,
glory,golden trophy,laurel wreath,Olympic rings,crown,spotlight,,
goal,soccer ball,basketball hoop,American football field end zone,checkered flag,finish line tape,,
god,Religious Texts,Angels,Prayer Beads,Holy Water,Cross,,
goodness,heart shape,flowers,smiley face emoji,nature scene,rainbow,,
governance,Government building,Political system diagram,voting ballot box,law book,legislative chamber,,
government,Capital building,Flag,Constitution document,President portrait,Congress session,,
grace,ballet dancer,piano keys,flower petals,bird flying,water droplet splashing,cheerfulness,
graduate,Graduation Cap,Tassel,Diploma,College Students,Graduation Ceremony,,
grammar,Syntax tree,sentence structure diagram,language textbooks,word lists,punctuation marks,,
gratitude,Thank you note,Flowers,Hug,Present box,Heart,,
greatness,Mountains,Lion,Fireworks,Gold medal,Galaxy,,
grief,Tears,funeral wreath,black clothes,empty chair,grave,,
grievance,Law book,Courtroom,Judge's gavel,Lawyer's briefcase,Legal documents,,
growing,plants,trees,flowers,garden,vegetables,,
growth,Tree,Plant,Flower,Human figure increasing size,Business Graph,,
guarantee,Seal,Shield,Handshake,Money back,Certificate,,
guess,Question Mark,Thinking Bubble,Light Bulb Moment,Brainstorming Notes,Ideas,victory gesture,
guidance,Compass,map,GPS device,directional arrows,road signs,,
guilt,jail cell bars,crying face emoji,police badge,red angry eyes,courtroom gavel,,
gusto,Wine glass,restaurant table setting,waiter serving food,fine dining scene,dinner plate,,
habit,smoking cigarette,coffee cup,toothbrush,alarm clock,morning jog shoes,,
halftime,Football field,Cheerleaders,Crowd,Referees,Scoreboard,,
halloween,Pumpkins,Costumes,Trick or Treat bag,Haunted House,Ghosts,,
happiness,Smiling face emoji,Heart eyes emoji,Sunflower,Dancing person emoji,Hugging couple emoji,,
harm,fire,explosion,knife,gun,broken bones,,
harmony,Music notes,Piano keyboard,Colorful pattern,Nature landscape painting,Symphony Orchestra playing instruments,,
haste,clock,stopwatch,fast food bag,express delivery truck,traffic jam,,
hate,Frowning Face,Broken Heart Emoji,Fist Bump Emoji,Middle Finger Gesture,Scowl Expression,,
hatred,Angry face,fist,broken heart,fire,crossbones,,
haunt,Ghostly figures,abandoned house,Cemetery,Dark forest,Flickering lights,,
healing,hospital bed,medical equipment,surgical instruments,doctor holding hands,heart,,
health,Running shoes,Yoga mat,Apple fruit,Doctor stethoscope,healthy food,,
hearing,Earphones,microphone,sound waves,speaker,radio,,
heartland,Wheat field,barn,silo,tractor,farm animals,,
heating,radiators,Firewood,Fireplace,Blankets,Hot tea mug,,
heaven,angels,clouds,harps,gates,doves,,
heavy,weightlifting barbell,dumbbells,truck,crane,boulder,,
heir,Crown,Throne,Royal Scepter,Castle,Jewels,,
hell,Devil,flames,torture devices,Demons,Satanist symbols,,
hellhole,flames,demons,pitchforks,fire,devil,,
help,Question mark,SOS signal,Compass rose,Lifebuoy ring,First aid kit,,
hereafter,Angel wings,Heaven gate,Divine light,Cross,Clouds,,
heredity,DNA double helix,Mendelian inheritance chart,Family tree,Genetic code table,Chromosomes,,
heritage,Family Tree,Heirloom jewelry,Ancestors' photos,Old documents,family traditions,,
hero,superhero costume,cape,shield,weapon,symbol,,
hierarchy,Pyramid,Organization chart,Tree Diagram,Flowchart,Chain link,,
hindu,Om symbol,Lord Ganesha Statue,Saree,Hindu temple,Indian classical dance,,
history,ancient ruins,scrolls,old documents,time machine,archaeological dig site,,
holiday,Christmas tree,Hanukkah menorah,Santa Claus,Kwanzaa kinara candles,,,
holidays,Christmas tree,Halloween Pumpkin,Easter Bunny,Birthday cake,Party hat,,
holiness,Cross,Halo,Dove,Rosary beads,Bible,,
holy,Church,Cross,Bible,Angel Wings,halo,,
hometown,House,Neighborhood streets,School,Favorite restaurant,Local park,,
honesty,Scales,courtroom,contract,handshake,justice statue,,
honor,Crown,sword,diploma,award statue,victory laurel wreath,,
hope,rainbow after rain,sunrise over horizon,smiling face,flower blooming from crack in pavement,l,,
hopelessness,Sadness emoji,Darkness,Empty street at night,Broken heart symbol,Cloudy day,,
horror,blood,axe,ghost,haunted house,scream,,
hospitalization,Stethoscope,Hospital bed,Patient gown,IV bag,Nurses station,,
hostile,Guns,knives,bombs,soldiers,tanks,,
hostility,clenched fists,war zone,broken window,screaming face,riot police,,
hour,clock,sundial,minute hand,second hand,time zone map,,
humanity,hand holding globe,human silhouette,family walking together,crowd of people,handshake,,
humor,Funny face expression,laughter,jokes,Comedian onstage,comedy skit,,
hunger,empty plate,fork and knife,clock indicating time for dinner,fridge open,stomach growling sound,,
hurry,Running shoes,Stopwatch,Traffic lights,Deadline Calendar,Fast food,,
hygiene,Soap,toothbrush,comb,razor,deodorant,,
idea,Lightbulb,Brainstorming Session,Whiteboard filled with notes,Post-it note,Research,,
ideology,Flag,Speech bubble,Megaphone,Protest Sign,Statue,,
idle,Chair,computer screen,books,coffee cup,clock,,
ignition,key inserted into lock,push button starter,switch flipped,spark plug firing,fuel igniting,,
ignorance,Unknowing face emoji,Question mark symbol,Blindfolded person,Person scratching head,Closed,,
ill,Hospital bed,Thermometer,Medicine bottle,Doctor’s office,Sickness symptoms,,
illumination,Lightbulb,Sunlight,Fireworks,Starry Sky,Flashlight,,
imagination,Dreamcatcher,Cloud shapes,Open book,Rainbow,Butterfly,,
immortal,Greek Gods,Mythological Creatures,Timelessness,Eternal Life,Resurrection,,
immune,Virus,Vaccine,Antibodies,White Blood Cells,Sneeze droplets,,
immunity,Shield,Vaccination syringe,Antibodies,Immune cells,Medical equipment,,
implantation,Fetus,uterus,embryo,placenta,sperm cell,,
implementation,Flowchart diagram,Code snippet,Prototype design,User interface mockup,Wireframe sketch,,
incentive,Cash reward,certificate,gift card,trophy,vacation package,,
inclusion,Diversity,Multiculturalism,Group hug,Rainbow flag,Equality symbol,,
increment,Addition,Plus Sign,Increase,Growth Chart,Arrow Upwards,,
incumbency,Government building,President sitting at desk,Political party logo,Election Ballot Box,Campaign sign,,
independence,Statue Of Liberty,Declaration Of Independence Document,Flag,Stars And Stripes,George Washington Portrait,,
independent,Self-reliant person,Business owner,Entrepreneurial spirit,Free thinker,Personal development,,
india,Taj Mahal,Sari Dress,Traditional Indian Food,Lotus flower,Buddha statue,,
indication,Road Sign,Traffic Light,Warning Triangle,Arrow Sign,Symbolic Picture,,
indifference,Face with no expression,Person ignoring someone,Shrug emoji,Uninterested person looking away,Bl,,
indignation,Shouting person,raised fist,angry face emoticon,protest signs,broken window,,
inducement,Money,Prize,Gift Card,Coupon,Loyalty Points,,
industry,Factory building,smokestacks,production line,forklift,gears,,
infancy,Baby bottle,Diaper,Stroller,Crib,Teddy Bear,,
infatuation,Heart shape,Valentine card,Roses bouquet,Candlelight dinner,Couple holding hands,,
inflation,money printing press,price tags,rising chart graph,piggy bank,grocery cart filled with food,,
inflow,River,Waterfall,Pipe,Faucet,Fountain,,
influx,Wave,Arrow pointing upwards,Crowded room,Graph showing increasing trend,Crowd forming queue,,
information,Book,Newspaper,Computer screen,Email,Website,,
initial,Book,Writing Utensil,Blank Page,Ink Blot,Parchment Paper,,
initiate,Beginning ceremony,Initiation process,New members,Rituals,Guidance,,
initiative,Light bulb,person climbing mountain,road sign pointing right,target goal,chess pieces,,
innocence,Baby picture,white doves,Angel wings,Clear sky,Rainbow,,
innocent,white dove,angel wings,halo,baby,pure heart symbol,,
inquiry,Question mark,search icon,light bulb,magnifying glass,puzzle pieces,,
inquisition,Torture tools,Catholic priest,Fire,Castle dungeon room,Burning stake,,
insight,Lightbulb,Puzzle pieces fitting together,Brainstorming session,Ah-ha moment drawing,,darkness,
inspection,Magnifying glass,measuring tape,checklist,clipboard,pen,,
instability,Earthquake,tornado,fire,stock market graph,roller coaster,,
instant,Microwave oven,coffee maker,electric kettle,fast food chain logo,stopwatch timer,,
institute,Classroom,blackboard,textbook,students,professors,,
institution,Building,Office space,Conference room,Lobby area,Employee ID cards,,
instruction,Paper sheet,Hand pointing finger at text,Diagram arrows connecting parts,Person demonstrating action,Written words,,
instrumentality,Tool,machine,device,contraption,equipment,,
insured,Insurance documents,Risk calculation chart,Insurer logo,Money transfer,Claim form,,
integrity,Honest man silhouette,hand shake between two people,scales of justice,truth symbol (eye),handshake,,
intellectual,Glasses,book,pen,paper,coffee cup,,
intellectualization,Reading books,writing papers,thinking deeply,engaging in debate,solving problems creatively,,
intelligence,Brain,Test tubes,Microscope,Diagrams,Computer screen showing complex data,,
intensity,Sun rays,Flames,Loudspeakers,Magnifying glass,Laser beam,,
interaction,conversation,touch,eye contact,gesture,smile,,
interest,Investment graph,Stock exchange screen,Percentage symbol,Money coins,Piggy bank,,
interference,Waves,Signal transmission line,Antenna array,Noise,Spectrum analysis graph,,
interlude,Piano,Violin,Cello,Sheet Music,Sound Waves,,
international,United Nations building,Passport,Airplane,Different currencies,World map,,
interpretation,Speaker icon,microphone icon,headphones icon,language icons,translation icon,,
interval,Music notes,Metronome,Time signature,Tempo markings,Rest symbol,,
intervention,Therapy session,Surgery,Medical procedure,Military operation,Emergency response,,
interview,Resume,desk,suit,tie,job offer letter,compass pointing north,
intimacy,Couple holding hands,Candlelight dinner,Hug,Kiss,Heart,,
intimate,Bedroom,candles,flowers,perfume,lingerie,,
invention,Light bulb,telephone,computer,wheel,airplane,,
investigation,Detective Hat,Magnifying Glass,Clues,Evidence,Suspects,stigmata,
irregular,Unpredictable,disorderly,chaotic,messy,out of order,,
islam,Mosque,Crescent moon and star symbol,Quran book,Arabic script writing,Islamic art patterns,,
isolation,Deserted Island,solitary confinement cell,hospital bed,empty street,abandoned building,,
january,Calendar page,cold weather,New Year's party,snowman,snowflakes,,
japan,Mount Fuji,Japanese temple,sushi,samurai sword,kanji characters,,
jealousy,Envy green color,Broken heart,Sad face,Two person fighting over something,Scissors cutting,,
job,Office building,desk,computer,phone,meeting room,,
journey,Pathway,Footprints,Traveler’s bag,Passport,Globe,,
joy,Smile,Sunshine,Music notes,Rainbow,Heart shape,,
jubilee,Celebration,Party hat,confetti,cake,fireworks,,
judge,Robes,gavel,courtroom,Law books,verdict sheet,,
judgment,Scale,Gavel,Courtroom,Law books,Jury box,Iceberg,
july,Independence day,Fourth of July fireworks,American Flag,barbeque grill,summer vacation,,
jurisdiction,Courthouse,Law book,Gavel,Judge Robe,scales of justice,,
justice,Scales of Justice,Gavel,Blindfolded Lady holding scales,Courtroom scene,Prison,,
justification,Law book,scales of justice,hammer,gavel,court room,,
keeping,Bank vault door,locked safe,key,combination lock,secret code,,
killer,Masked face,Bloody knife,Bloodstain,Rope,Skull,,
kind,helping hand,smiley face,warm hug,heart symbol,caring gesture,,
kindness,Hug,Smile,Helping hand,Sharing food,Caring gesture,,
kindred,Family members,Relatives,blood relatives,close friends,people connected through family ties,,
kleptomania,Theft,Robbery,shoplifting,crime scene tape,handcuffs,,
know,Book,computer screen,lightbulb,brain,gears,,
knowing,Library shelves,book pages turning,lightbulb icon,student writing exam answers,thought bubbles above,,
latest,Trending topics online,Social media feed,Magazine covers,Hot news stories,Top seller products,,
law,Scales,Book of Laws,Gavel,courtroom,Judge's robe,,
lawmen,Scales of justice,Courtroom,Judge gavel,Constitution document,Trial scene,,
lawyer,Law books,Gavel,courtroom,tie,briefcase,,
learning,School bus,Students sitting at desks,Professor teaching class,Books stacked high,diploma hanging from wall,,
leaving,Suitcase,Airport,Car driving away,Train departing,Empty room,,
legend,mythological creature,historical figure,Heroic deeds,Monumental building,Great leader,,
legislation,Gavel,Lawyer,Courtroom,Constitution,Supreme court building,,
legislature,Congress Building,Constitution document,Voting ballot box,Supreme Court building,Senator speaking at podium,,
leisure,Swimming pool,Couch,Reading book,Sleeping person,Yoga pose,,
lent,Abstinence,Fasting,Prayers,Fish symbol,Cross,,
lesson,Blackboard,Teacher,Students,Textbook,Desk,,
level,ruler,scale,balance beam,measuring tape,protractor,,
liability,Courtroom gavel,Contract document,Debt collection agency logo,Red X mark over money pile,,,
liberal,Rainbow flag,Peace sign,Social justice posters,Equality logo,Activism badge,,
liberty,Statue of Liberty,Freedom fighter statue,Declaration of Independence document,Flag flying in wind,Peaceful,,
lie,Pinocchio nose,broken mirror,Mask,Two-faced person,Snake tongue,,
life,Tree,Rainbow,Sun,Water drop,DNA strand,,
lifespan,Time line,Clock,Calendar,Years,Dates,,
lifetime,Watch,Birthday cake candles,Photo album,Family tree chart,Old wrinkled hands,,
limitation,Wall,Door closed,Chain around ankle,Prison Bars,Cufflinks on wrists,,
lineage,Family tree,pedigree chart,ancestry research,DNA test kit,old photo album,,
listening,Earphones,Radio,music notes,Concert audience,Loudspeaker,,
living,House,apartment,kitchen,bedroom,backyard,,
loathing,Sad face,Angry face,Broken Heart symbol,Skull and Crossbones,Frownie Face,,
locale,Map,Globe,Compass,Coordinates,Location marker,,
longing,heart,distance,yearning eyes,separation barrier,absence,,
lookup,Dictionary,search engine,encyclopedia,bookshelf,magnifying glass,,
lord,Crown,Throne,Castle,Sword,Robes,,
lost,Map,compass,GPS device,Search party,Missing poster,,
love,heart shape symbol,Cupid figure,roses bouquet,wedding ring,couple holding hands,,
lovely,flower,sunset,mountain view,smile,baby,,
low,sad face emoji,falling graph,empty glass,rain cloud,crying eyes,queen,
loyalty,dog,heart symbol,wedding rings,handshake,friendship bracelets,,
luck,Four leaf clover,horseshoe,rabbit foot,dice,coin,,
lull,Bed,pillow,Moonlight,Stars,Night sky,,
lust,red lips,heart,rose,bedroom,couple kissing,anchor,
luxury,Rolls Royce,Yacht,Private jet,Champagne glasses,Gold bars,,
madness,Joker from Batman comics,straitjacket,insane asylum,mad scientist laboratory,psychiatric medication bottle,,
magic,Wizard Hat,wand,magical sparks,rabbit coming out of hat,mysterious book,,
maintenance,wrenches,screwdrivers,tools,safety equipment,diagrams,,
majesty,Crown,Royal Scepter,Throne,Royal Seal,Robes,,
major,College degree,Graduation ceremony,diploma,graduation gown,university building,,
majority,Pie chart with large slice,Group of People,Crowd cheering,Voting box full of ballots,Majority,,
malice,Dagger,Venomous snake,Spider web,Dark alleyway,Skull,,
management,Brainstorming meeting,Office building,Business plan,Leadership skills diagram,Teamwork chart,,
manifest,Airplane ticket,Bill of lading,Freight container,Shipping label,customs declaration form,,
manpower,Hard hat,Construction site,Worker holding tools,Group of workers,safety vest,,
marketing,Advertisement,Consumer goods,Logo,Sale signs,Product placement,,
married,Wedding ring,Marriage certificate,Bride and groom figurines,Church,Honeymoon,,
masquerade,Mask,Feathered costume,Carnival parade,Ballroom dancing,fancy dress party,,
master,chessboard,rook,knight,pawn,king,,
mathematics,equation,graph paper,abacus,calculator,algebraic expression,,
maturity,Responsibility,independence,decision making skills,problem solving abilities,self awareness,,
meantime,Timepiece,hourglass,stopwatch,calendar,alarm clock,,
measurement,ruler,scale,thermometer,stopwatch,measuring tape,,
medical,Doctor,Nurse,Hospital bed,Syringe,Stethoscope,,
meeting,Conference table,presentation slides,projector screen,whiteboard,coffee mug,,
melancholy,Rainy weather,dark room,person looking out window,music box playing slow song,empty wine,,
meltdown,Chernobyl disaster,Nuclear power plant,Cooling tower,Geiger counter,Hazmat suit,,
member,Family Tree,Genealogy Chart,DNA Test Result,Social Network Diagram,Group Photo,,
membership,ID card,Badge,Keycard,Password,Certificate,,
memory,computer hard drive,flash card,cassette tape,old photograph,brain neuron network,,
mention,Name tag,@ symbol,Social media platform logo,Speech bubble,Megaphone,,
mercy,heart,dove,helping hand,hug,smile,,
merriment,laughter,joy,gaiety,jollity,festivity,,
messiah,Cross,Jesus Christ,Mary Magdalene,John the Baptist,angels,,
mexico,Mariachi Band,Sombrero Hat,Tequila bottle,Mayan Temple,Aztec Warrior Armor,,
midsummer,bonfire,picnic basket,maypole,flowers,grassy field,Picasso,
midwinter,snowman,christmas tree,fireplace,hot chocolate,sledding,,
millennia,Clock,Calendar,Earth from space,Time capsule,Time machine,,
mind,Brain illustration,Mental health icon,Puzzle pieces,Light bulb,Thinking face emoji,,
ministry,bible,prayer,cross,church building,hymnal,,
minority,Different ethnicities,marginalized groups,LGBTQ flag,disability signs,gender symbols,,
minute,Clock,stopwatch,timer,wristwatch,hourglass,,
mirth,smiley face emoji,laughter sound wave,funny hat,happy children playing,cartoon character making silly,,
misery,Sad face emoji,Tears,Lonely person silhouette,Black clouds,Empty wallet,,
miss,Sad face,Heartbreak emoji,Broken heart,Lonely person,Abandoned item,,
mistake,Red X mark,Broken pencil,Incorrect formula,Wrong road signs,spilled coffee,,
mobility,wheelchair,bicycle,roller skates,cane,prosthetic leg,,
modern,Skyscraper,Minimalist furniture,Smart Home devices,Cleanliness,Futuristic design,,
moment,Clock,Hourglass,Calendar,Alarm clock,Stopwatch,,
momentum,A rocket taking off,A runner running fast,An object falling down,A train moving forward,,,
monarchy,Crown,Throne,scepter,royal palace,coronation ceremony,,
monday,Alarm Clock,Coffee Mug,Traffic Jam,Commute,Meeting Agenda,,
monopoly,Money,Houses,Hotel,Board game pieces,Chance cards,,
mood,Emojis such as smiley face,sad face,angry face etc.,Heartbeats graph,,,
moral,Good vs Evil Scale,Justice Scales,Crossroads signpost,Angel wings and devil horns,,,
morale,Teamwork,Achievement,Encouragement,Recognition,Perseverance,,
morality,Cross,Bible,scales of justice,Heart,Dove,,
morals,Bible,Church,Cross,Conscience,Scales of justice,,
morning,Sunrise,Coffee cup,Alarm clock,breakfast table,Yoga mat,,
mortality,Grim Reaper,Coffin,Cemetery Crosses,Funeral Flowers,Tombstone,,
mourning,Funeral flowers,black clothes,graveyard,coffin,tears,,
multiprocessing,CPU cores,Threads,Operating System scheduler,Process state diagram,memory management unit,,
muslim,Mosque,Qur’an,Hijab/Scarf,Prayer beads,Arabic Calligraphy,,
mystery,Sherlock Holmes pipe,Magnifying glass,question mark symbol,Detective hat,locked door,,
myth,Ancient Greece,Gods,Titans,Heroes,Legends,,
mythology,Greek gods,Norse legends,Egyptian pyramids,Celtic knots,Dragons,,
narrative,Book,Movie poster,Storytelling circle around campfire,Screenplay script,Plot graph,,
national,Flag,map,leader,anthem,currency,,
nationalism,Flag,country map,coat of arms,anthem,military parade,,
nationalist,Flag,national symbol,military uniform,propaganda poster,crowd cheering for leader,,
nationality,Flags,Passport,Map,Globe,People,,
native,Indigenous art,traditional clothing,tribal dances,natural landscapes,animal masks,,
natural,Forest,river,sky,flowers,animal,,
nature,Forest,Mountain,River,Flowers,Animals,,
neglect,trash,overgrown weeds,abandoned house,broken windows,graffiti,,
neolithic,stone axe,clay pot,cave painting,mammoth,fire,spells,
network,Nodes connected by lines,graph,social media icons,internet cables,computer chip,,
news,TV screen,microphone,Newspaper stack,journalist holding notepad,Breaking News banner,,
nobility,Castle,Crown,Royal Family Picture,Golden goblet,Throne,,
noble,Crown,Castle,Coat of Arms,Sword,Nobleman,,
noel,Christmas tree,Santa Claus,Presents,Snowman,Reindeer,,
north,Polar bear,igloo,ice,northern lights,map showing north pole,,
northern,Snowflakes,pine trees,moose,cold air,snowman,,
northland,Snowy landscape,Northern Lights,Reindeer,Moose,Arctic circle sign,,
nostalgia,Old photographs,vinyl record player,typewriter,retro fashion items,antique furniture,,
notion,Lightbulb,Idea written down on paper,Brainstorming session,Pen & Paper,Flow,,
november,Thanksgiving turkey dinner,Pumpkin pie,Leaves changing color,Football game,Autumn landscape,,
number,Digit,Calculator,Mathematical equations,Abacus,Pie chart,,
nutrition,Salad bowl,Apple,Measuring cup,Healthy food plate,Fitness tracker,,
oath,Raised hand,Bible,Courtroom,Witness stand,Pledge of Allegiance,,
objection,Law book,Courtroom,Judge,Lawyer,Defendant,,
observation,Telescope,binoculars,magnifying glass,microscope,eye chart,,
octave,Piano keys,musical notes,staff,treble clef,eighth note,,
october,Pumpkins,Halloween costume,Candy corn,Orange leaves,Trick-or-treating kids,,
odds,Dice,Roulette wheel,Cards,Horse racing track,Casino chips,,
offer,handshake,gift box,business card exchange,proposal,acceptance letter,,
offering,Gift box,Flowers bouquet,Cake,Balloons,Wine bottle,,
official,Official document,Stamp,Seal,Signature,Embossing machine,,
operation,Operating room,Surgeon's hands,surgical instruments,Anesthesia mask,recovery ward,,
opinion,debate,argument,discussion,vote,disagreement,,
opportunity,Door open wide,hand reaching out for something,arrow pointing up,ladder going upwards,lightbul,,
opposition,political party flags,fist fight,boxing gloves,courtroom scene,protest signs,,
optimism,smiley face emoji,rainbow,sunny day,bird chirping sound effect,upbeat music,,
organization,Flowchart,Company logo,Office building,Boss talking at desk,Employee working,,
outrage,angry face,exclamation mark,clenched fist,shouting man,protest signs,,
outskirt,Forest,field,mountain,river,lake,,
overtime,Clock,Money,Stress,Exhaustion,Burnout,,
pace,Stopwatch,race track,finish line,winner podium,running shoes,,
pagan,Stonehenge,runes,Thor hammer,Celtic knots,Maypole,,
panic,Running away from danger,screaming face emoji,sweating profusely,heart racing animation,chaos,,
paradise,Palm trees,Blue sky,Hammock,Seaside view,Tropical flowers,,
partnership,handshake,agreement,contract,cooperation,team work,,
passion,Red color,heart shape,intense gaze,sparks flying,fire burning,,
past,Old photos,Grandparents,Antiques,History books,Nostalgia,,
patience,Hourglass,Waiting room,Queue,Clock,Stopwatch,,
patriotism,National Flag,Anthem singing,Soldiers saluting,Country map,Statue of Liberty,,
payable,Money symbol,Invoice,Receipt,Payment icon,Currency exchange calculator,,
peace,Dove,handshake,rainbow flag,olive branch,praying hands,,
peacetime,doves flying high,Olive branch symbolizing peace,Hands shaking agreement,Rainbow,White flag raised,,
pedigree,Family tree diagram,Coat of arms,Ancestor portrait painting,DNA strand,Tombstone,,
penance,prayer beads,rosary,cross necklace,bible,candle flame,,
percolation,Coffee Pot,Filter,Ground coffee beans,Hot water,Steam rising from pot,,
performance,Stage,Microphone,Audience,Theater,lights,,
peril,cliff edge,knife,fire,sharks,snake,,
permit,Driver's license,passport,work visa,construction permit,building plans,,
personal,Diary,Personal belongings,Intimate relationships,Individualistic style,Privacy settings,,
perspective,camera,viewfinder,horizon line,foreground/background relationship,focal length,training,
pessimism,black clouds,broken glass,frown face emoji,raindrops,darkness,,
philharmonic,Orchestra members,conductor,musical instruments,concert hall,audience,,
philosophy,Plato,Aristotle,Socrates,Logic,metaphysics,,
piety,Praying hands,Bible,Cross,Rosary beads,Church building,,
pinpoint,Map,GPS device,Compass,Directional arrow,Magnifying glass,,
pity,tears,hug,sad eyes,broken heart,bandage,makeup,
placement,Resume,Job interview,Networking event,Office desk,Computer monitor,,
plague,Skull,Mask,Noose,Crossbones,Coffin,,
plan,calendar,checklist,map,blueprint,strategy game board,,
plenty,Fruits basket,Abundance of food,Money stacked high,Crowd of people,Rich landscape,,
policy,Government building,Flag,Constitution,Document with official seal,Signing pen,,
poor,Empty pockets,torn clothes,homelessness,beggar,hunger,,
populace,Crowd of People,Faces of Diverse individuals,Global Map,Diversity Symbol,Population Chart,,
popularity,Social media followers count,Number of Likes,High score,Celebrity pictures,Crowd cheering,,
pose,Model Standing still,Fashion models walking down catwalk,Yoga poses,gymnast doing splits,statue,,
positive,smiley face emoji,thumbs up icon,happy family photo,sunny day scene,success symbol,,
possess,Ownership certificate,Legal document,Lock and key,Contract,Symbolic representation like a chain around neck,binoculars,
possession,Ghost,Poltergeist,Haunted House,Ouija Board,Voodoo doll,,
postponement,Clock,Calander,Delayed flight,Traffic jam,Closed for repair sign,,
posture,Sitting position,Standing position,Yoga Pose,Dance Moves,Exercise Movements,,
potential,Lightning bolt,Magnifying glass,Seedling sprouting from soil,Arrow pointing upwards,DNA double,,
poverty,Empty wallet,cardboard box,homeless person,soup kitchen,food pantry,,
power,crown,throne,scepter,castle,sword,,
practice,Music notes,dance floor,training equipment,yoga mat,sports field,,
prayer,Hands folded,Cross necklace,Mosque,Church,Bible,,
precision,Clock,Measuring tape,Ruler,Caliper,Scientific equipment,,
prehistory,cave paintings,fossils,Stonehenge,mammoths,cavemen,,
premonition,Psychic vision,Tarot card,Crystal ball,Dream sequence,Supernatural power,,
preparation,Checklist,notebook,pen,calculator,alarm clock,,
presence,Light bulb turned on,smiley face emoji,heart symbol,thumbs up icon,waving hand gesture,,
preserve,Fruit jars,Glass jars filled with jam or jelly,Sealed containers,Mason jars,Preserved,,
prestige,gold medal,red carpet,statue of Oscar,Rolls-Royce car,diamond ring,,
prevention,Vaccine needle,Safety helmet,First aid kit,Road signs,Security camera,,
pride,rainbow flag,parade float,drag queen,trans activist,LGBT couple,,
priesthood,Priest collar,Bible,Church building,Altar,Confessional booth,,
primitive,Cave painting,Stone Tools,Fire Pit,Hunter Gatherer Culture,Shamanism,,
principality,Crown,Royal Throne,Castle,Coat of Arms,Map,,
principle,Justice scale,Law Book,Constitution Document,Judge gavel,Statue of liberty,,
principles,Scales,judge gavel,contract document,handshake,key,,
privacy,Closed door,curtain,Keyhole,Lock,password protected computer screen,,
private,Private Room,Private Conversation,Confidential Documents,Secret Agent,Locked Door,,
privilege,Fancy clothes,Luxury cars,expensive jewelry,Private jet,mansion,,
probability,Die,Roulette wheel,Card deck,Stock market graph,Coin flip,,
probable,Dice,Roulette wheel,Coin flip,Percentage symbol,Random number generator,,
problem,Confusion,Rubik cube,Maze,Puzzle pieces,Question mark,,
proceedings,Formal meeting,discussion table,agenda document,participants around a table,microphones,,
producer,Movie clapperboard,film reel,microphone,studio lights,Director’s chair,flood,
production,factory,assembly line,machinery,raw materials,finished products,,
productivity,computer screen,notebook,cup of coffee,stack of papers,calendar schedule,,
profession,Doctor,Lawyer,Engineer,Teacher,Accountant,,
professional,Suit and tie,briefcase,office building,contract papers,meeting room,,
professionalization,Office desk,Computer,Meeting room,Documents,Business suit,,
professor,Book,Lecture Hall,Research Paper,Classroom,Graduation Cap,,
progress,Chart showing upward trend,Person climbing ladder,Sun rising over horizon,Arrow pointing forward,Clock hands,,
prominence,Stage,spotlight,microphone,audience,applause,,
promotion,New job title,Salary increase,Congratulations card,Business suit,CEO shaking hands,,
propensity,Statistics chart,Dice roll outcome,Probability formula,Coin toss result,Percentage symbol,,
proposal,Ring,Marriage certificate,Wedding invitation,Bride and groom holding hands,Heart shaped balloon,,
prospect,map,compass,tent,hiking boots,backpack,,
prosperity,Money bags,luxury cars,mansions,gold coins,expensive clothes,,
protection,Helmet,Life vest,Fire extinguisher,Lock,Shield,,
protest,Signs held up high,People marching together,megaphones used for speeches,police presence,angry,,
protocol,Formal attire,handshake,table setting,Invitation card,Ballroom,,
psychic,Crystal Ball,Tarot cards,Mind reading,Fortune teller,Magic wand,,
psychogenesis,Brain,Psychology experiment setup,Emotion symbols,Psychoanalysis couch,Psychologist drawing face,,
psychology,Brain,thought bubble,therapist's office,Freud,Behaviorism,,
punishment,Prison bars,whip,noose,handcuffs,jail cell,,
purgatory,Fire,Demons,Angels,Weighing Scales,Gates,,
purity,white rose,clean water droplet,snowflake,angelic figure,innocent child’s face,,
pyromania,Fire,matches,gasoline,fire extinguisher,smoke alarm,,
queer,Rainbow flag,Pride parade,Gender fluidity symbol,Transgender symbol,Same-sex couple,,
question,Interrogation mark,Open book,Thinker statue,Brainstorming session,Confused face,,
quiet,peaceful,tranquil,serene,meditative,stillness,,
radioactivity,Nuclear power plant,Geiger counter,Atomic symbol,Radiation symbol,Plutonium atom model,,
rage,Angry Face emoji,Red color,Broken Glass,Exclamation marks,Fire,,
rally,Audience,podium,speaker,flags,banners,,
ramadan,Fasting,Prayer,Charity,Iftar meal,Mosque,,
rank,Numbered list,medal ribbons,trophy cup,bar chart graph,ranking arrows,,
rate,Price tag,Money bill,Percentage symbol,Scale,Bar chart,,
raw,steak,vegetables,fruit,sushi,meat,,
reaction,Chemistry lab equipment,Chemical equation,Explosion,Test tube,Smoke,,
readership,Library,books,Bookshelves,book clubs,magazines,,
ready,Clock,Calendar,Checklist,Stopwatch,Pen and paper,,
relative,Family Tree Diagram,Mother Daughter relationship picture,Grandparents and grandchildren photo,Family reunion group shot,,,
relief,Medication bottle,Thermometer,Hot compress,Crying person,Doctor’s office,,
religion,Cross,Church building,prayer beads,Bible pages,Religious symbols (yin-yang,,
religious,Cross,Star of David,Prayer Beads,Mosque,Church,,
remark,Comment symbol,pencil writing words,speech bubble,microphone,video camera,,
remorse,crying child,broken heart,regretful face,apology letter,empty chair,,
renaissance,David statue,Mona Lisa painting,Italian architecture,Renaissance art gallery,Florence cityscape,,
repentance,Cross,Tears,Prayer hands,Bible verses,Confession booth,,
risk,Dice rolling on table,Roulette wheel spinning,Stock market chart,Insurance policy document,Fire alarm box,,
roman,Colosseum,gladiators,Emperor statue,chariot race,amphitheater ruins,,
romance,Roses,Candlelit Dinner,Moonlight Walk,Heart Shape,Music notes,,
romantic,candles,roses,chocolate box,wine glasses,couple holding hands,,
saint,Halo,cross,church,angels,bible,,
schedule,Calendar,Clock,List of tasks,Meeting room,Deadlines,,
science,Microscope,laboratory,beaker,test tube rack,formulae,,
search,magnifying glass,detective,police officer,clues,mystery,,
seasonal,spring,summer,autumn,winter,nature,,
sin,Devil,Angel,Crossroads,Adam & Eve,Seven Deadly Sins,,
socialist,Hammer and Sickle,Lenin picture,Red Flag,Communist manifesto book cover,Gulag map,,
solidarity,Hands holding each other,People marching together,Protest signs,Rainbow flag,Chain link fence,,
solitude,forest,bench,sunset,desert,river,,
solstice,Sun,Moon,Stars,Winter landscape,Fireworks display,,
soul,Heart,Wings,Angel,Halo,Light beam,,
sounding,megaphone,speaker,microphone,loudspeaker,musical instrument,,
sovereign,Royal Crown,Throne,Castle,Scepter,Coat of Arms,,
sovereignty,Crown,flag,Parliament Building,Map with Borders marked out,Statue of Liberty,,
soviet,Hammer and sickle,Red star,Lenin statue,Communist flag,CCCP,,
spirit,Ghost,Angel wings,Halo,Soul,Heartbeat monitor,,
spiritual,Meditation,Buddha statue,Yoga mat,Prayer beads,Chakra diagram,,
strategy,Chess Board,Map,War Room,Military Formation,Business Plan,,
strength,weightlifting barbell,fist bumping,push ups,muscles,dumbbells,,
strife,Broken heart,Tears,Sad face,Conflict zone,War ruins,sweat drops,
struggle,Fight,Suffering face expression,Sadness,tears,Broken Heart symbol,,
subtropics,Palm trees,tropical birds,Coral reefs,Tropical plants,Iguanas,,
succession,royal crown,family tree diagram,inheritance document,property deeds,will and testament,,
superior,Crown,Trophy,Gold medal,Podium,First place ribbon,,
superiority,Trophy,Winner's podium,Olympic Rings,First place ribbon,Gold medal,,
supernatural,Ghosts,vampires,zombies,werewolves,witches,,
supporting,Helping hand,Umbrella,Pillar,Strong tree,Mother carrying baby,,
suppression,Prison bars,handcuffed hands,silenced mouth,burning book,broken camera lens,,
supremacy,Ruler,Crown,Throne,scepter,shield with coat of arms,,
surprise,Confetti,Balloon popping,cake candles,fireworks display,sudden gift presentation,,
surrender,White flag,raised hands,kneeling down,crying,signing document,,
suspense,Dark room,Suspenseful music,Shadows,Clock ticking,Mystery,,
suspicion,Spyglass,magnifying glass,Sherlock Holmes hat,Detective badge,Suspicious face expression,,
symmetry,mirror reflection,Yin Yang symbol,Double helix,Butterfly wings,Mandala,,
sympathy,Hug,flowers bouquet,condolence card,support group meeting,warm smile,,
syndicate,Mafia,Corrupt politician,Money laundering operation,Illegal gambling ring,Bribes,,
talent,Music notes,paintbrushes,pencils,chessboard,books,,
tall,skyscraper,giraffe,basketball player,mountain,flagpole,,
teacher,Blackboard,Pencil,Bookshelf,Teacher desk,Student notes,,
temporal,Clock,Calendar,Time Machine,Watch,Hourglass,,
tenderness,Cuddling,holding hands,soft touch,whispering sweet nothings,roses,,
territorial,Flag,Map,Border wall,Passport stamp,Military uniform,,
testament,Bible,Church,Cross,Jesus Christ figure statue,Angel statues,,
testimony,Judge gavel,Courtroom scene,Witness stand,Jury box,Document with signature,,
thankfulness,Turkey Dinner,Gratitude Journal,Gift Card,Thoughtful Note,Appreciation Award,,
thanksgiving,turkey dinner,cornucopia,pilgrim hat,pumpkin pie,fall leaves,,
theme,Musical notes,music sheet,Orchestra,Instruments,Singer,,
theology,Cross,Bible,Church,Crucifixion scene painting,stained glass window,winter landscape,
theory,Equation on blackboard,Scientific article,Test tube,Experiment,Hypothesis,,
therapy,Couch,therapist chair,notes,patient,medical tools,,
think,Brain,Cogwheels,Question mark,Light bulb,Idea cloud,,
thinking,Thought bubble,lightbulb,Brain,Mind map,Pondering face emoji,,
thirst,Glass of water,river,desert,cactus,camel,,
thought,mind symbol,brain,lightbulb,clouds,question mark,,
threat,Warning Sign,Fire Alarm,Red Flag,Hazardous Material Label,Crossed Swords,birthday cake,
thrill,roller coaster,cliff jumping,horror movie scene,race track,skydiving plane,,
times,hourglass,clock hands,stopwatch,countdown timer,digital display of time,,
timing,clock face,stopwatch,timer,hourglass,calendar,Nativity Scene,
tolerance,Rainbow flag,hand shaking,different races together,wheelchair access sign,multilingual book,,
tough,Steel,Rock,Leather Jacket,Strongman,Brick Wall,,
tour,Map,Guidebook,Tour bus,Historic sites,Camera,,
trade,Market,currency symbols,price chart,import export symbol,global map,,
trading,Stock Market Chart,Wall Street Signage,Financial Newspaper,Trading Desk,Stock Ticker Tape Machine,,
tradition,Flag,Heritage site,Historical event,Traditional dress,Ritual ceremony,,
training,Workout clothes,Dumbbells,Exercise mat,Gym equipment,Timer clock,,
translation,Interpreter,foreign language dictionary,Rosetta Stone,Sign Language,Translated text,,
treatment,Medicine bottle,Doctor's stethoscope,Hospital room,Prescription form,Syringe,,
treaty,handshake between two leaders,pen signing document,globe,flags of countries involved,peace dove,,
trial,Judge,court room,Jury box,Witness stand,Evidence table,,
tribunal,Gavel,Lawyer,Courtroom,Legal documents,Jury box,,
tribune,Audience seating,Podium,Microphone,Speaker,Stage,,
tropic,palm trees,hammock,ocean waves,fruity drinks,sunset over water,,
trouble,Fire extinguisher,First Aid Kit,Smoke detector,Broken glass,Warning sign,,
trustee,Board room table,suit and tie,business documents,briefcase,handshake,Stairway to heaven,
trusteeship,Legal document,lawyer,court building,gavel,law book,resort,
truth,Justice Statue,Mirror,Book,Scale,Eye,,
tyranny,King,Throne,Sword,Crown,Chains,,
uncertainty,Clouds,dice,labyrinth,maze,? symbol,,
understanding,Open book,Brainstorming session,Lightbulb moment,Puzzle solved,Person reading,,
underworld,Hellfire,demons,souls,skeleton,chains,,
unemployed,Unemployment benefits form,job search website,resume,phone interview,job application,,
unemployment,Job application form,Resume,Interview room,Unemployment office,Help Wanted Sign,,
unhappiness,crying child,broken heart,frown face emoji,rainstorm,prison bars,,
union,Marriage certificate,Wedding rings,Honeymoon destination,Bride & groom figurines,wedding cake,,
unity,Human handshake,Rainbow flag,Peace dove,Olympic rings,World map,,
university,Books,classroom,teacher,Campus,graduation cap,,
unknown,Question mark,Black box,Mystery,Foggy forest,Unknown symbol,,
vacation,Beach,mountains,airplane,suitcase,sun,,
value,Money,Ethics,Morals,Culture,Worthiness,hourglass,
vanity,Mirror,brush,lipstick,perfume bottle,jewelry box,,
variety,rainbow,spices,fruits,flowers,clothes,,
velocity,Speedometer dial,racecar,arrow pointing rightwards,runner running fast,jet plane taking off,,
veneration,Candle,Altar,Cross,Prayer beads,Bible,,
virtue,Halo,angel wings,saint,moral compass,good deeds,,
vitality,Fruit basket,running track,healthy food plate,yoga mat,green leafy vegetables,,
void,Black Hole,Emptiness,Space,Vacuum cleaner,Negative space,,
waiting,Clock ticking,Hourglass,Queue line,Traffic lights,Telephone ringing,,
war,Soldiers,tanks,guns,explosions,flags,,
wartime,Military Tank,Soldiers,Explosions,Flags,Ruined Buildings,,
wealth,Money,Luxury Car,Mansion House,Diamonds Jewelry,Expensive Clothing,,
wed,Wedding cake,Engagement ring,Bride & Groom,Honeymoon destination,Marriage certificate,,
west,Cowboys,Saloon,Cactus,Sunset,Wild West,,
western,Cowboy Hat,Horses,Gunslinger,Saloon,Cactus,,
westernization,Jeans,fast food logo,Coca Cola bottle,hamburger,big mac meal,,
whereabouts,Globe,map pin,compass,satellite dish,GPS coordinates,,
who,Doctor Who TARDIS,Dalek,K-9 robot dog,Cybermen,Time Lord,,
widowhood,Black dress,Funeral flower arrangement,Casket,Mourning veil,Cemetery,,
wild,Lion,Jungle,Untamed animals,Adventure,Wilderness,,
wildness,Animals,forest,camping equipment,tents,hiking boots,,
willing,smiley face emoji,thumbs up gesture,happy dance,high five,raised fist,,
winner,Trophy,medal,victory gesture,champion belt,podium,,
wisdom,old man,owl,book,glasses,apple,,
wise,Owl,Yoda,Socrates statue,Old person smiling,Einstein formula,,
wish,birthday cake,Shooting Star,Rainbow,Wishing Well,genie lamp,,
wishing,Birthday cake,candles,blowing out candles,balloons,fireworks,,
wit,Jester Hat,Wise Owl,Brainstorming Cloud,Lightbulb,Idea Bubble,,
withdrawal,Bank teller,ATM machine,Cash register,Check book,Debit Card,,
woe,Sorrowful face emoji,Raincloud symbol,Broken heart drawing,Tear drop icon,Sad song,,
work,Briefcase,office desk,cubicle,computer,meeting room,,
workweek,Office desk,Briefcase,Business suit,Tie,Laptop,,
worse,sad face emoji,negative words like failure,rejection,etc.,downward arrow sign,,
worship,Temple,Church,Mosque,Synagogue,Prayers,,
worthy,Money,gold,precious stones,luxury items,expensive watches,,
wrath,Anger,flames,fire,lava,rage,,
year,Calendar,clock,season changes,growth rings of trees,historical events timeline,,
yearning,hearts,flowers,letters,long distance phone calls,tears,,
yesterday,clock showing time passing,old photograph,diary page,retro clothing style,historical event,,
yesteryear,Old TV set,Typewriter,Vinyl record player,Film camera,Retro clothes,,
youth,Skateboard,basketball court,high school,party,college dorm room,,
zoology,Lion,Giraffe,Gorilla,Zoo keeper,cages,,