word,A,B,C,D
abandon,abandon,moratorium,deterioration,inspiration
abhorrence,abhorrence,whole,glance,revolutionary
ability,know,ability,consciousness,recall
absence,significance,timid,wonder,absence
abstract,motley,abstract,regular,living
absurd,absurd,uncertainty,progression,difficulty
abundance,abundance,noel,holiday,gusto
academia,lesson,institute,academia,reference
academic,compound,method,academic,genome
acceleration,heading,longer,altitude,acceleration
acceptance,institute,excuse,acceptance,possess
access,limitation,exclusion,access,possess
accordance,institute,understanding,consortium,accordance
account,number,rate,calculation,account
accounting,commission,thursday,creditor,accounting
accumulation,creditor,inducement,accumulation,credit
accuracy,accuracy,repair,equal,fix
accused,judge,decree,accused,divorce
achievement,dedication,merit,achievement,competence
acquaintance,office,acquaintance,accounting,administration
acquisition,commission,acquisition,trustee,partnership
act,renoun,personality,progression,act
acting,listening,acting,seminar,producer
action,move,silence,emotion,action
activation,clustering,activation,association,recall
activity,activity,vitality,habit,fit
acts,framework,frame,picture,module
acute,patient,acute,doctor,medical
add,add,finding,criteria,assessment
administration,professionalization,administration,consortium,patriarchy
adolescence,endpoint,let,adolescence,emotion
adoration,springtime,adoration,euphoria,anniversary
advantage,incentive,fame,reputation,advantage
adventure,territorial,adventure,orientation,apex
advice,discovery,loathing,initial,advice
advocate,legislation,trusteeship,justification,advocate
aeration,aeration,frequency,photosynthesis,mitosis
aerospace,existence,invention,discovery,aerospace
aesthetic,sensation,aesthetic,development,affect
affair,consolation,love,affair,romance
affection,beloved,proposal,anniversary,affection
africa,primitive,africa,hierarchy,adaption
afterlife,killer,almighty,afterlife,evil
afternoons,afternoons,daily,nostalgia,contentment
age,recuperation,age,contentment,disability
aggravation,latest,complaint,let,aggravation
aggression,savage,courage,twinge,aggression
agitation,glance,agitation,stress,debt
agony,nostalgia,stay,stimulus,agony
aid,manifest,industry,aid,welfare
alert,alert,doctor,recuperation,hospitalization
alleviation,possible,starting,bliss,alleviation
alliance,partnership,accordance,administration,alliance
aloofness,despair,isolation,silence,aloofness
alternative,zen,posture,alternative,morning
altitude,altitude,acceleration,airspeed,optimum
altogether,altogether,sociable,born,kindness
ambition,good,forefront,superiority,ambition
ambivalence,ambivalence,sorrow,menopause,weakness
amendment,decision,amendment,reform,lawyer
amusement,fool,excitement,amusement,amazement
analysis,analysis,criteria,creditor,workweek
ancestors,readership,chapter,significance,ancestors
ancestry,distance,whereabouts,hour,ancestry
ancient,ancient,myth,forefront,importance
anemia,anemia,weakness,urge,importance
anesthesia,acute,anesthesia,curing,alert
anger,anger,concern,antipathy,grudge
anguish,anguish,antipathy,pessimism,weakness
animosity,aggression,personality,animosity,brooding
anniversary,anniversary,romantic,desire,affection
annunciation,hereafter,morality,ascension,annunciation
answer,assessment,guess,answer,confusion
antarctic,aloofness,may,solitary,antarctic
anticipation,nanosecond,moment,millisecond,anticipation
antiquity,wonder,over,philosophy,antiquity
apostle,apostle,worship,veneration,repentance
appeal,appeal,category,bohemia,sensitive
appearance,orderly,repair,essence,appearance
appetite,stimulus,dawning,appetite,chef
appointment,appointment,ready,criteria,nowadays
appreciation,yearning,sensitiveness,offering,appreciation
approach,limitation,approach,difficulty,exile
approval,willing,exultation,confidence,approval
architect,repair,architect,labor,making
arctic,charter,arctic,backwoods,tonight
aristocracy,reign,egomania,chosen,aristocracy
armageddon,intensity,armageddon,instability,radioactivity
arrangement,romantic,desire,arrangement,married
arrival,nationality,municipality,arrival,delay
ascension,ascension,holy,annunciation,hereafter
assortment,abstract,assortment,deflation,invention
assumption,thought,problem,assumption,answer
assurance,architect,manpower,repair,assurance
attempt,attempt,worry,lean,breather
authoritarianism,authoritarianism,defeated,editorial,soviet
autocracy,chosen,autocracy,majesty,supremacy
autonomy,way,challenge,limit,autonomy
autumn,farm,november,abundance,autumn
awareness,awareness,quiet,zen,alleviation
awe,acclimation,leeway,reserve,awe
babyhood,babyhood,play,born,joy
backup,memory,type,backup,salient
baffled,answer,exasperation,inquiry,baffled
balance,legislation,balance,decision,advocate
bankruptcy,dispute,bid,bankruptcy,justification
baroque,score,ease,harmony,baroque
barren,zenith,way,wrath,barren
basic,intellectual,idle,basic,thursday
beauty,peace,sensitive,beauty,unity
bedtime,gloom,sadness,lull,bedtime
belief,prayer,belief,religion,repentance
believing,christianity,god,secular,believing
belonging,intellectual,slight,possibility,belonging
beloved,desire,beloved,affection,sensitiveness
benevolence,courtesy,benevolence,society,kindness
best,debate,best,dedication,acting
betrayal,dominance,belief,embarrassment,betrayal
binding,respect,binding,finding,instrumentality
biology,microevolution,synthesis,biology,compound
birthday,birthday,jubilee,delight,present
birthing,ill,alert,hospitalization,birthing
bitterness,bitterness,willing,presence,complaint
blank,blank,segmentation,basic,ellipsis
bliss,possible,bliss,sensitive,alleviation
bohemia,expectation,bohemia,beauty,romance
bold,sir,bold,heading,dominant
bore,tomorrow,exhaustion,bore,daily
botany,research,testing,biology,botany
bourgeois,midair,bourgeois,status,worthy
brave,strategy,brave,guardian,empire
brazil,brazil,tropic,liberty,civilization
brethren,holy,divinity,brethren,religion
buddhism,buddhism,enlightened,concentration,spiritual
budding,natural,budding,springtime,saturation
burden,burden,pessimism,providence,capture
bureaucracy,defeated,bureaucracy,salient,subordinate
business,situation,business,corporation,patriarchy
bygone,bygone,threshold,defect,leaving
calcification,mitosis,operation,calcification,coronary
calling,calling,wane,despondency,single
calm,starting,calm,downtime,seasonal
capability,desensitization,topic,capability,know
capitalism,interest,accumulation,analysis,capitalism
capitalist,capitalist,cartel,debt,defeated
captive,captive,insanity,discomfort,crime
carbonization,borderland,carbonization,adventure,primitive
care,suffering,secondary,care,feel
career,career,enterprise,business,situation
caring,nature,beauty,caring,significance
cartel,finance,asset,cartel,demand
catholic,priesthood,holy,testament,catholic
century,duration,century,reference,moment
challenge,apex,challenge,optimum,autonomy
chance,contingent,odds,chance,probable
chaos,chaos,trembling,allies,unpleasantness
chapter,intellectual,logic,chapter,ancestors
character,mortification,low,character,personality
charity,acquaintance,kindness,allies,charity
charter,depth,frequency,beauty,charter
chef,gusto,spoiling,chef,absorption
childhood,playfulness,june,juvenile,childhood
china,india,approach,buddhism,china
chosen,lord,chosen,heir,reign
christian,holy,protestant,christian,devotion
christianity,christianity,holiness,testament,christian
christmas,fondness,november,christmas,heating
circulation,woe,mitosis,circulation,unpleasantness
circumstances,likelihood,probability,probable,circumstances
citizenry,citizenry,trusteeship,justification,advocate
civilization,federation,public,civilization,bicentennial
claim,preparation,thursday,claim,insurer
clan,clan,nobility,guild,eldest
clarity,clarity,mercy,expectation,unity
classical,classical,acting,interlude,broadways
classified,bureaucracy,classified,defeated,editorial
clean,handling,range,chef,clean
coalition,offer,coalition,trial,resolve
colonial,possibility,colonial,desperate,exile
combination,detective,opportunity,limitation,combination
comfort,relaxation,nostalgia,comfort,living
coming,combination,trepidation,finance,coming
commentary,policy,commentary,national,republican
commerce,purchaser,account,commerce,rate
commercial,service,clientele,purchase,commercial
commission,commission,counseling,professional,brief
commitment,commitment,preface,consent,consideration
commonwealth,commonwealth,law,nationalist,strategy
communication,workweek,communication,thursday,work
comparative,comparative,assessment,statistics,acclimatization
compassion,confidence,compassion,friendliness,society
compatibility,problem,acceptance,compatibility,peace
complacency,complacency,daily,habit,morning
complaint,disposition,baffled,complaint,shame
complex,clustering,continuum,complex,association
composition,composition,practice,octave,grace
compound,experiment,science,research,compound
conceit,conceit,fancy,custom,fetish
concentration,concentration,enlightened,posture,buddhism
confederacy,federal,confederacy,principles,amendment
confederate,deterioration,dread,longing,confederate
confidence,closeness,cooperation,confidence,approval
conflict,hostility,revolutionary,disaster,conflict
confluence,nature,starting,confluence,province
confusion,thought,confusion,inquiry,guess
conscience,annunciation,afterlife,justice,conscience
consciousness,think,intelligence,consciousness,activation
consent,consent,brief,bias,combination
conservative,bicentennial,constitutional,liberty,conservative
consideration,credit,consideration,bid,resolve
consolation,consolation,sensitiveness,courtesy,affair
constitution,constitution,discovery,initial,brief
constitutional,trusteeship,decree,legislation,constitutional
constraint,capture,constraint,limitation,suppression
construct,labor,construct,maintenance,engineer
consumption,trade,disposal,consumption,hunger
contamination,theory,radioactivity,contamination,compound
continuity,expansion,going,continuity,parallel
continuum,complex,topic,continuum,association
convenience,convenience,endpoint,collective,service
convention,counseling,enterprise,remark,convention
conviction,judiciary,conviction,tribunal,decision
cooling,tingle,cooling,domestic,times
coolness,tough,coolness,ambivalence,earl
cooperation,cooperation,discussion,alliance,situation
corporation,situation,professional,patriarchy,corporation
correspondence,correspondence,seeking,disorder,official
corroding,disposal,offset,corroding,error
corruption,corruption,republic,government,legislature
council,council,oath,objection,rule
counsel,document,counsel,office,rule
courage,courage,aggression,doomsday,wartime
covenant,covenant,repentance,jurisdiction,veneration
covert,moratorium,defeated,covert,killer
craving,craving,softening,dissolving,convenience
crazy,crazy,security,malice,evil
creator,confluence,singular,photosynthesis,creator
credit,accounting,credit,inducement,insured
creditor,accounting,inducement,creditor,analysis
cretaceous,fault,cretaceous,adaption,instability
crime,trusteeship,suppression,crime,objection
criminal,criminal,captive,custody,limitation
crisis,protest,crisis,prejudice,indignation
criticism,initial,request,criticism,bureaucracy
culture,quiet,collect,culture,enlightened
curfew,tomorrow,curfew,times,wane
curing,operation,curing,alert,ill
curiosity,method,discovery,curiosity,research
curriculum,thursday,curriculum,idle,teacher
custody,custody,dispute,boundary,customs
custom,chef,living,order,custom
cynicism,unfortunate,passion,unpleasantness,cynicism
daily,daily,sooner,solace,dawning
damned,sick,damned,movie,dramatic
danger,evil,supernatural,intensity,danger
dare,dare,heading,emotion,sadness
darling,fondness,love,darling,romance
dawning,springtime,solace,daily,dawning
deadline,deadline,payable,anticipation,meanwhile
deal,deal,insurer,alliance,acquaintance
dealing,dealing,best,finance,capitalism
debate,debate,best,tone,glee
debt,debt,finance,capitalist,subordinate
december,thanksgiving,fondness,holiday,december
decision,justice,bid,judiciary,decision
decree,legislation,tribunal,decree,bid
dedication,satisfaction,forefront,dedication,progress
defeated,obsession,bureaucracy,defeated,type
defense,defense,myth,nobility,east
definition,intellectual,definition,discovery,guess
defoliation,confluence,defoliation,above,natural
degeneration,proliferation,defect,threshold,degeneration
degree,cohort,institute,subject,degree
delay,departure,municipality,delay,millisecond
delegation,caucus,republic,delegation,national
deletion,exclusion,nay,deletion,error
delight,jubilee,birthday,present,delight
demand,transfer,finance,demand,denomination
demise,demise,plague,fright,malice
democracy,federal,democracy,policy,national
denial,violence,nay,editorial,denial
departed,fright,departed,haunt,doomed
departure,generation,departure,airspeed,playfulness
dependence,dependence,security,moratorium,crazy
dependent,expectancy,playfulness,dependent,willingness
depression,sooner,depression,complacency,solace
depth,high,depth,difficulty,aurora
desire,beloved,proposal,desire,anniversary
despair,despair,sorrow,gloom,sadness
desperate,buoyancy,leeway,deep,desperate
detail,biosynthesis,genotype,detail,topic
detective,discovery,combination,detective,finding
determination,player,outset,rank,determination
dignity,dignity,commonwealth,rule,divorce
dimension,leeway,precision,dimension,territorial
disability,patient,disability,diagnosis,generation
disapproval,unpleasantness,antipathy,disapproval,outrage
disaster,outrage,disaster,morale,offering
discipline,appointment,meantime,discipline,quarterly
discontent,displeasure,astonishment,discontent,disposition
discourse,administration,association,clustering,discourse
discovery,revelation,discovery,method,latitude
disease,testing,genome,disease,research
disorder,summary,work,surplus,disorder
disposal,disposal,production,globalization,making
dispute,advocate,dispute,legislation,justification
dissolving,dissolving,tingle,effervescence,craving
distress,sadness,brooding,pessimism,distress
diversity,tolerance,solidarity,gathering,diversity
divine,hereafter,testament,devotion,divine
divinity,divinity,testament,prayer,repentance
divorce,constitutional,will,divorce,judgment
doctor,recuperation,understanding,reform,doctor
domestication,farm,provincial,domestication,heartland
dominance,almighty,tyranny,dominance,dynasty
dominant,dominant,aggregation,greatness,saturation
dominion,dominion,nobility,heir,tyranny
doomed,haunt,departed,killer,doomed
doomsday,trembling,chaos,doomsday,disaster
doubt,uncertainty,doubt,ignorance,problem
downtime,domestic,solace,heating,downtime
drama,producer,drama,tone,glee
dread,dread,limitation,threshold,suspense
dream,sadness,lightness,dream,expectation
driver,driver,continuum,prospect,turning
duality,duality,existence,sensitiveness,expansion
due,resignation,insured,quarterly,due
duration,meantime,times,duration,millisecond
duty,duty,federation,intervention,major
dying,necrophilia,fright,dying,doomed
dynasty,heir,noble,dynasty,reign
earshot,listening,control,earshot,age
east,zen,india,east,buddhism
easter,fondness,springtime,easter,noel
ecology,peace,globalization,ecology,provision
economics,analysis,credit,creditor,economics
economy,accumulation,transfer,creditor,economy
editorial,faction,editorial,detective,yesteryear
education,education,schooldays,specific,learning
effervescence,lightness,osmosis,aeration,effervescence
egomania,aristocracy,reign,chosen,egomania
elite,worthy,modern,elite,prosperity
emotion,despair,feel,emotion,gloom
empire,brave,chosen,empire,wonder
employ,meeting,interview,due,employ
employment,commission,brief,insurer,employment
emulation,emulation,format,nostalgia,nowadays
enchantment,imagination,revelation,enchantment,materialization
ending,magnitude,ending,difficulty,providence
enemy,ruin,doomsday,enemy,armageddon
engineer,engineer,maintenance,fix,construct
engineering,subsystem,standard,engineering,making
enjoyment,enjoyment,chosen,feel,offering
enlightened,buddhism,enlightened,concentration,quiet
enlistment,enlistment,squadron,intervention,professor
enthusiasm,voluntary,enthusiasm,heyday,surprise
envy,exile,fun,envy,killer
equal,equal,legislation,balance,decision
equality,moral,honesty,reform,equality
equilibrium,equilibrium,decision,legislation,justice
escape,escape,opportunity,distress,turnaround
essence,essence,concentration,posture,buddhism
estimate,rate,analysis,number,estimate
eternity,expectation,high,universal,eternity
ethics,judiciary,ethics,advocate,justice
ethnic,india,ethnic,japan,gusto
evaluation,type,evaluation,curriculum,readership
evil,sin,hellhole,evil,mortality
evolution,evolution,gray,fossilization,wise
excellence,competence,excellence,ambition,dedication
exclusion,trepidation,warning,keeping,exclusion
exclusive,privilege,exclusive,autonomy,altitude
excuse,infatuation,excuse,pity,woe
exhaustion,fatigue,productivity,understanding,exhaustion
exhilaration,fair,exuberance,exhilaration,surprise
exile,exile,frequency,nature,approach
expedition,journey,somewhere,retirement,expedition
experience,bid,experience,esteem,insured
experiment,experiment,compound,science,hydrolysis
expert,theory,science,expert,derivation
expiration,timing,times,tomorrow,expiration
extinction,invention,extinction,expert,science
extraction,galvanization,extraction,architect,construct
extreme,dare,extreme,altitude,challenge
exuberance,birthday,exuberance,present,delight
exultation,satisfaction,exultation,excitement,delight
faith,holy,faith,priesthood,brethren
faithful,christian,holiness,repentance,faithful
fame,good,fame,satisfaction,glory
fancy,fancy,romantic,baroque,passover
fashion,fancy,fashion,readiness,throng
fast,armageddon,doomsday,worthy,fast
fatherland,herald,empire,fatherland,lord
fatigue,habit,fatigue,sooner,exhaustion
fear,doomed,evil,mortality,fear
february,christmas,holiday,infatuation,february
fed,finance,trading,fed,inducement
federal,judgment,principles,decree,federal
federation,constitutional,july,federation,civilization
feedback,workweek,accounting,feedback,analysis
fellowship,sociable,humanity,pleasure,fellowship
feminization,girlhood,vanity,sexuality,feminization
fertility,fertility,babyhood,born,dependent
fervor,doomsday,hellhole,peril,fervor
feudalism,lord,reign,chosen,feudalism
fever,fever,patient,exhaustion,treatment
fiction,progression,fiction,science,impulse
fidelity,married,union,fidelity,promise
find,advocate,locale,repair,find
finance,trading,transfer,finance,demand
finding,finding,locale,detective,confusion
finish,superiority,good,outset,finish
finishing,superiority,finishing,morale,focus
fit,range,fit,vigor,fitness
fitness,fitness,fit,health,vigor
fix,fix,precision,repair,engineer
fixation,fixation,consciousness,complex,its
flexibility,vigor,dancer,flexibility,broadways
florescence,natural,warming,florescence,germination
flux,network,flux,subsystem,component
focalization,mercy,science,focalization,imagination
focus,think,bias,differential,focus
foe,revolutionary,foe,disaster,doomsday
fondness,fondness,noel,goodness,darling
fool,amusement,killer,fool,evil
forenoon,solace,tomorrow,forenoon,idle
forgiveness,tearing,forgiveness,pity,compatibility
formation,formation,goddess,repertoire,score
forties,type,inspiration,forties,baroque
fortnight,fortnight,squadron,threat,wartime
fossilization,demise,doomed,haunt,fossilization
foster,past,foster,familiar,dependent
framework,framework,repair,alignment,galvanization
france,deficiency,harmony,masquerade,france
fraternity,fraternity,heyday,sociable,secondary
free,peace,mercy,zenith,free
freedom,freedom,motherland,turning,limit
freeman,independence,enlistment,freeman,motherland
friendliness,acquaintance,closeness,friendliness,listing
friendship,friendship,romance,loathing,romantic
fright,fright,demise,suspense,halloween
frontier,domestication,settlement,yield,frontier
fulfillment,fulfillment,campus,jersey,excitement
fun,exuberance,excitement,fun,gladness
funny,funny,disposition,unpleasantness,gladness
furies,demise,despair,furies,hell
fury,malice,private,cult,fury
future,subsystem,multiprocessing,future,clustering
gender,pity,intimacy,affection,gender
genealogy,science,expert,genealogy,invention
general,chosen,aristocracy,general,foe
generation,retrospective,playfulness,generation,voluntary
genius,seeking,genius,ability,reasoning
genome,microevolution,genome,experiment,synthesis
genotype,genome,being,metabolism,genotype
germination,germination,starting,sensitive,version
ghost,possession,fear,moratorium,ghost
girlhood,infatuation,euphoria,lightness,girlhood
give,take,selfish,give,happy
gladness,gladness,jubilee,birthday,delight
glee,sung,performance,glee,tone
globalization,administration,management,analysis,globalization
gloom,sadness,brooding,gloom,starting
glory,perfection,rank,glory,satisfaction
goal,outset,goal,superiority,dedication
god,god,devotion,christian,veneration
goodness,goodness,unity,euphoria,budding
governance,behalf,governance,trusteeship,lawyer
government,caucus,government,objection,legislature
grace,romance,intimate,interlude,grace
graduate,professor,graduate,sermon,jurisdiction
grammar,plan,understanding,grammar,straight
gratitude,voluntary,birthday,gratitude,present
greatness,exuberance,burst,morale,greatness
grief,grief,necrophilia,fright,departed
grievance,grievance,honesty,decision,lawyer
growing,growing,beauty,adaptation,spoiling
growth,influx,peace,growth,rate
guarantee,inducement,guarantee,accumulation,credit
guess,guess,inquiry,mind,think
guidance,pinpoint,distance,guidance,possibility
guilt,killer,glance,withdrawal,guilt
gusto,abundance,gathering,range,gusto
habit,habit,daily,complacency,moment
halftime,pace,bout,halftime,determination
halloween,easter,demise,fright,halloween
happiness,voluntary,dancer,bohemia,happiness
harm,dread,doomsday,instability,harm
harmony,harmony,unfolding,expansion,inspiration
haste,way,association,haste,complex
hate,sounding,prominence,acting,hate
hatred,fervor,hatred,wrath,devil
haunt,doomed,house,haunt,mortality
healing,hospitalization,doctor,healing,operative
health,morning,doctor,health,vigor
hearing,idle,performance,thinking,hearing
heartland,provincial,heartland,farm,commune
heating,solace,downtime,heating,fondness
heaven,heaven,soul,salvation,morality
heavy,labor,framework,heavy,repair
heir,chosen,lord,reign,heir
hell,killer,wrath,prayer,hell
hellhole,evil,almighty,fervor,hellhole
help,why,desperate,assessment,help
hereafter,annunciation,hereafter,ascension,divine
heredity,heredity,lineage,relative,member
heritage,genealogy,belonging,past,heritage
hero,private,dissimilation,horror,hero
hierarchy,roman,africa,antiquity,hierarchy
hindu,worship,hindu,spiritual,zen
history,history,genius,sanctum,prayer
holiday,midwinter,abundance,december,holiday
holidays,happiness,vacation,holidays,tired
holiness,veneration,holiness,repentance,christianity
holy,christian,holy,priesthood,devotion
hometown,living,hometown,play,baroque
honesty,grievance,judiciary,honesty,justice
honor,egomania,supremacy,chosen,honor
hope,hope,thing,springtime,comprehensive
hopelessness,passion,unpleasantness,hopelessness,antipathy
horror,killer,suspense,malice,horror
hospitalization,doctor,hospitalization,recuperation,ill
hostile,providence,hostile,haunt,suspense
hostility,hostility,conflict,war,aggression
hour,locale,hour,nanosecond,latitude
humanity,chill,solstice,humanity,fellowship
humor,stupor,acting,humor,sung
hunger,absorption,hunger,clean,gathering
hurry,duration,schedule,hurry,communication
hygiene,routine,hygiene,handling,inactivation
idea,intellectualization,plan,thursday,idea
ideology,harassment,ideology,feminist,suffrage
idle,curriculum,intellectual,thursday,idle
ignition,hatred,ignition,circulation,causing
ignorance,confusion,ignorance,inquiry,uncertainty
ill,ill,hospitalization,recuperation,doctor
illumination,illumination,mind,answer,presence
imagination,joy,enchantment,expansion,imagination
immortal,wonder,ascension,utmost,immortal
immune,microevolution,immune,implantation,aeration
immunity,experiment,theory,testing,immunity
implantation,permeation,catalysis,detail,implantation
implementation,selection,association,implementation,subset
incentive,accumulation,incentive,creditor,inducement
inclusion,liberal,solidarity,inclusion,voluntary
increment,institute,add,mathematics,increment
incumbency,legislature,incumbency,suffrage,law
independence,civilization,independence,squadron,motherland
independent,independent,university,professionalization,insight
india,zen,reverence,buddhism,india
indication,haste,indication,pause,going
indifference,indifference,guess,phrase,disposition
indignation,indignation,disaffection,wartime,crisis
inducement,asset,inducement,credit,creditor
industry,globalization,manpower,industry,architect
infancy,room,morning,infancy,caretaker
infatuation,desire,infatuation,affection,love
inflation,accumulation,transfer,finance,inflation
inflow,extent,province,inflow,confluence
influx,influx,enterprise,growth,organization
information,information,quarterly,subject,brief
initial,constitution,dissolution,initial,significance
initiate,supernatural,cult,initiate,worship
initiative,initiative,apex,escape,isolation
innocence,expansion,budding,innocence,sensitive
innocent,innocent,dream,expectancy,peace
inquiry,guess,confusion,mind,inquiry
inquisition,almighty,doctrine,inquisition,wrath
insight,consortium,situation,management,insight
inspection,assessment,inspection,steady,alignment
instability,armageddon,instability,fault,intensity
instant,instant,habit,afternoons,daily
institute,curriculum,academia,lesson,institute
institution,administration,professionalization,institution,management
instruction,professionalization,acquaintance,administration,instruction
instrumentality,science,repair,instrumentality,lifespan
insured,insured,insurer,credit,brief
integrity,purgatory,conscience,moral,integrity
intellectual,idle,basic,reference,intellectual
intellectualization,reference,idle,intellectualization,curriculum
intelligence,think,intelligence,consciousness,know
intensity,intensity,perception,armageddon,wrath
interaction,courtesy,afternoons,encounter,interaction
interest,rate,interest,transfer,progress
interference,neutral,large,medium,interference
interlude,theme,octave,tone,interlude
international,international,hour,territorial,capitalism
interpretation,trade,tone,populace,interpretation
interval,interval,inspiration,talent,chapter
intervention,intervention,ill,doctor,specialist
interview,work,commission,due,interview
intimacy,friend,sensitiveness,intimacy,beloved
intimate,intimate,purity,romantic,grace
invention,expert,repair,invention,type
investigation,suspect,investigation,realism,invention
irregular,longing,inspiration,salient,irregular
islam,worship,believing,islam,piety
isolation,providence,isolation,ultimate,distress
january,november,december,warming,january
japan,quiet,spiritual,japan,ethnic
jealousy,sorrow,exile,jealousy,peril
job,job,administration,corporation,business
journey,journey,maturity,departure,survival
joy,springtime,unpleasantness,imagination,joy
jubilee,birthday,jubilee,delight,present
judge,behalf,trusteeship,judgment,judge
judgment,trusteeship,judgment,decree,trial
july,surprise,midsummer,july,federation
jurisdiction,objection,jurisdiction,protestant,principles
justice,justice,honesty,decision,principles
justification,advocate,dispute,judiciary,justification
keeping,exclusion,punishment,opportunity,keeping
killer,horror,plague,killer,suspense
kind,impression,peace,acceptance,kind
kindness,kindness,food,friendliness,sociable
kindred,kindred,merriment,society,pleasure
kleptomania,anguish,debt,kleptomania,subordinate
know,thought,know,intelligence,reasoning
knowing,thought,understand,knowing,general
latest,topic,multiprocessing,aggravation,latest
law,judiciary,oath,principles,law
lawmen,behalf,legislation,tribunal,lawmen
lawyer,trusteeship,legislation,dispute,lawyer
learning,teacher,learning,substitute,university
leaving,abandon,leaving,timid,longing
legend,sir,aristocracy,legend,power
legislation,dispute,legislation,advocate,trusteeship
legislature,decree,legislature,incumbency,law
leisure,downtime,enlightened,leisure,inactivation
lent,lent,repentance,penance,christianity
lesson,academia,remark,lesson,institute
level,standard,discovery,precision,level
liability,advocate,liability,legislation,justification
liberal,rally,liberal,inclusion,minority
liberty,conservative,motherland,liberty,metropolitan
lie,life,solace,lie,comfort
life,genotype,imagination,life,existence
lifespan,temporal,duration,lifespan,times
lifetime,century,year,surprise,lifetime
limitation,opportunity,limitation,threshold,combination
lineage,lineage,belonging,foster,heredity
listening,drama,listening,theme,performance
living,comfort,living,chef,hometown
loathing,springtime,gloom,teaching,loathing
locale,latitude,leeway,territorial,locale
longing,longing,sooner,dawning,solace
lookup,lookup,curriculum,reference,lawyer
lord,reign,heir,lord,chosen
lost,finding,lost,leeway,longitude
love,affair,infatuation,darling,love
lovely,lovely,view,alleviation,starting
low,secret,guilt,low,embarrassment
loyalty,fondness,attribute,loyalty,adoration
luck,probability,likelihood,circumstances,luck
lull,lull,tonight,bedtime,romance
lust,grace,lust,purity,intimacy
luxury,living,luxury,prosperity,baroque
madness,madness,malice,silly,evil
magic,fright,imagination,possession,magic
maintenance,construct,maintenance,precision,engineer
majesty,lord,majesty,nobility,monarchy
major,major,subject,academia,institute
majority,majority,feedback,economics,workweek
malice,horror,fright,demise,malice
management,management,professionalization,proceedings,enterprise
manifest,resignation,manifest,issuer,accounting
manpower,industry,manpower,production,engineer
marketing,marketing,transient,public,civilization
married,fidelity,proposal,married,desire
masquerade,masquerade,france,harmony,lust
master,plan,nobility,master,power
mathematics,mathematics,add,differential,derivation
maturity,prospect,maturity,survival,ultimate
meantime,meantime,times,anticipation,duration
measurement,synergism,standard,instrumentality,measurement
medical,operative,specialty,medical,assist
meeting,proceedings,meeting,situation,presentation
melancholy,despair,defeated,grace,melancholy
meltdown,pyromania,meltdown,experiment,severity
member,member,academic,reference,intellectualization
membership,brief,membership,insurer,identification
memory,think,topic,know,memory
mention,sending,mention,nowadays,clustering
mercy,zenith,mercy,annunciation,sensitive
merriment,friendly,insight,merriment,born
messiah,faith,veneration,morality,messiah
mexico,wonder,india,mexico,utmost
midsummer,pleasure,excitement,playfulness,midsummer
midwinter,noel,midwinter,solace,holiday
millennia,thought,fiction,millennia,science
mind,guess,thought,mind,revelation
ministry,christian,devotion,ministry,priesthood
minority,minority,suffrage,inclusion,liberal
minute,temporal,times,precision,minute
mirth,birthday,present,exuberance,mirth
misery,failure,complaint,misery,cynicism
miss,tearing,circulation,miss,hopelessness
mistake,mistake,academic,constant,logic
mobility,alert,generation,mobility,hospitalization
modern,downtime,metropolitan,domestic,modern
moment,times,moment,temporal,anticipation
momentum,july,momentum,exultation,burst
monarchy,chosen,times,god,monarchy
monday,thursday,duration,times,monday
monopoly,eldest,monopoly,baroque,goddess
mood,hopelessness,mood,disposition,presence
moral,trusteeship,moral,honesty,justification
morale,morale,outset,superiority,ambition
morality,morality,offer,bliss,chosen
morning,morning,tomorrow,solace,forenoon
mortality,mortality,haunt,plague,evil
mourning,mourning,understand,accept,bliss
multiprocessing,array,association,multiprocessing,tech
muslim,covenant,christian,faithful,muslim
mystery,expert,possibility,invention,mystery
myth,heaven,defense,myth,empire
mythology,chosen,empire,mythology,roman
narrative,survival,dissolution,necessity,narrative
national,republic,national,democracy,government
nationalism,soviet,nationalism,sovereignty,conservative
nationalist,dictatorship,nationalist,socialist,commonwealth
nationality,vacation,transient,nationality,territorial
native,spiritual,india,quiet,native
natural,budding,saturation,natural,extent
nature,confluence,outskirts,nature,starting
neglect,condemn,degeneration,severity,neglect
neolithic,native,neolithic,survival,backwoods
network,technology,topic,complex,network
news,news,performance,workweek,thursday
nobility,technology,principality,nobility,native
noble,principality,noble,chosen,native
noel,noel,midwinter,thanksgiving,fondness
north,gloom,northland,north,solitary
northern,heating,fondness,warming,northern
northern,warming,fondness,heating,northern
northland,solitary,wildness,northland,adaption
nostalgia,sooner,nostalgia,daily,afternoons
notion,know,think,notion,commission
november,sabbath,gathering,november,heating
number,number,thursday,assessment,derivation
nutrition,training,discipline,vitality,nutrition
oath,oath,conviction,law,tribunal
objection,behalf,objection,jurisdiction,judgment
observation,observation,science,seeking,finding
octave,interlude,unfolding,octave,tone
october,boyhood,fright,october,possession
odds,probable,contingent,odds,chance
offer,deal,offer,discussion,alliance
offering,surprise,enjoyment,offering,appreciation
official,promotion,possess,experience,official
operation,operation,specialist,specialty,doctor
opinion,opinion,debtor,stress,withdrawal
opportunity,discovery,opportunity,combination,limitation
opposition,decree,federal,opposition,commonwealth
optimism,beauty,innocence,optimism,goodness
organization,enterprise,organization,business,patriarchy
outrage,doomsday,outrage,antipathy,destruction
outskirt,outskirt,living,exhausted,oxygen
overtime,smart,distress,analysis,overtime
pace,ambition,player,vigor,pace
pagan,divinity,starting,pagan,prayer
panic,panic,con,last,burden
paradise,friday,alleviation,paradise,beauty
partnership,acquaintance,consortium,partnership,accordance
passion,libido,verb,passion,disappointment
past,type,significance,latitude,past
patience,anticipation,timing,patience,synergism
patriotism,commonwealth,soviet,regime,patriotism
payable,creditor,bid,payable,deadline
peace,growth,beauty,peace,holiness
peacetime,peacetime,divinity,heaven,divine
pedigree,collect,member,pedigree,lineage
penance,christianity,penance,morality,divinity
percolation,forenoon,idle,percolation,morning
performance,performance,listening,glee,sounding
peril,fervor,peril,depth,nature
permit,issuer,permit,possess,experience
personal,intellectual,type,personal,logic
perspective,singular,past,perspective,regard
pessimism,pessimism,gloom,clouding,distress
philharmonic,philharmonic,tone,interlude,aim
philosophy,law,philosophy,discovery,academia
piety,prayer,christianity,ministry,piety
pinpoint,pinpoint,territorial,distance,dimension
pity,woe,impression,courtesy,pity
placement,partnership,commission,placement,counseling
plague,plague,sadness,distress,woe
plan,idle,appointment,plan,quarterly
plenty,creditor,transfer,plenty,denomination
policy,republic,democracy,policy,commonwealth
poor,over,struggle,poor,moratorium
populace,outset,globalization,progress,populace
popularity,popularity,prominence,mention,discourse
pose,pose,whole,urge,participant
positive,paradise,positive,august,play
possess,possess,official,insured,consideration
possession,possession,materialization,demise,magic
postponement,tomorrow,timing,postponement,schedule
posture,posture,alternative,zen,concentration
potential,regeneration,progress,peace,potential
poverty,repugnance,departed,grief,poverty
power,power,baroque,principality,heir
practice,nostalgia,vitality,practice,inspiration
prayer,priesthood,catholic,divinity,prayer
precision,duration,lifespan,temporal,precision
prehistory,wrath,prehistory,initiative,wonder
premonition,premonition,spell,posterity,expectation
preparation,preparation,criteria,quarterly,furlough
presence,mind,illumination,presence,willing
preserve,capacity,provision,preserve,equivalent
prestige,incentive,reputation,satisfaction,prestige
prevention,prevention,assistance,safety,decline
pride,pride,empathy,tolerance,diversity
priesthood,devotion,priesthood,catholic,christian
primitive,awareness,primitive,carbonization,refuge
principality,reign,supremacy,principality,chosen
principle,advocate,principle,legislation,justification
principles,advocate,principles,legislation,justification
privacy,work,type,productivity,privacy
private,private,defeated,sin,inquisition
privilege,fancy,exclusive,privilege,midair
probability,probability,fair,circumstances,compulsion
probable,probable,odds,risk,chance
problem,guess,thought,think,problem
proceedings,proceedings,professionalization,enterprise,management
producer,drama,acting,tone,producer
production,bulk,manpower,production,construct
productivity,privacy,semester,productivity,schedule
profession,counseling,business,enterprise,profession
professional,patriarchy,situation,corporation,professional
professionalization,administration,corporation,professionalization,business
professor,derivation,consortium,curriculum,professor
progress,forefront,assessment,progress,revelation
prominence,listening,prominence,sounding,acting
promotion,deal,acquisition,promotion,workweek
propensity,propensity,add,rate,contingent
proposal,affection,promise,desire,proposal
prospect,prospect,necessity,survival,latitude
prosperity,capitalism,asset,accumulation,prosperity
protection,enforcement,trepidation,galvanization,protection
protest,rally,revolutionary,suffrage,protest
protocol,professional,commission,counseling,protocol
psychic,psychic,possession,lack,posterity
psychogenesis,insanity,psychogenesis,conjunction,recall
psychology,think,psychology,desensitization,psychogenesis
punishment,trial,punishment,enforcement,keeping
purgatory,moral,fervor,purgatory,hellhole
purity,purity,beauty,seasonal,goodness
pyromania,doomsday,disaster,pyromania,intensity
queer,empathy,diversity,inclusion,queer
question,know,assessment,phrase,question
quiet,quiet,spiritual,awareness,enlightened
radioactivity,armageddon,intensity,radioactivity,trouble
rage,discontent,willing,scorn,rage
rally,solidarity,minority,protest,rally
ramadan,ramadan,deity,worship,prayer
rank,rank,dedication,competence,glory
rate,rate,analysis,estimate,transfer
raw,range,raw,chef,vitality
reaction,science,theory,hydrolysis,reaction
readership,readership,intellectual,reference,curriculum
ready,duration,ready,thursday,tomorrow
relative,relative,ancestors,regeneration,heredity
relief,alert,specialty,condition,relief
religion,religion,brethren,holy,catholic
religious,holiness,enlightened,christian,religious
remark,seminar,remark,administration,business
remorse,woe,vicinity,sorrow,remorse
renaissance,deity,myth,sahara,renaissance
repentance,christian,repentance,penance,holiness
risk,probable,analysis,compulsion,risk
roman,law,chosen,roman,mythology
romance,sensitiveness,romantic,lull,romance
romantic,romantic,romance,anniversary,desire
saint,heaven,priesthood,saint,salvation
schedule,meantime,moment,work,schedule
science,science,experiment,reaction,hydrolysis
search,violence,custody,realism,search
seasonal,solitude,seasonal,budding,purity
sin,evil,killer,hellhole,sin
socialist,nationalist,general,regime,socialist
solidarity,empathy,solidarity,inclusion,rally
solitude,starting,seasonal,bliss,solitude
solstice,exuberance,solstice,excitement,bicentennial
soul,soul,heaven,divine,holy
sounding,performance,sounding,drama,theme
sovereign,chosen,nobility,almighty,sovereign
sovereignty,nobility,sovereignty,nationalism,principality
soviet,nationalism,yesterday,revolutionary,soviet
spirit,divine,soul,spirit,syndrome
spiritual,spiritual,buddhism,quiet,morning
strategy,reign,plan,brave,strategy
strength,labor,lean,construct,strength
strife,ascension,heaven,strife,salvation
struggle,struggle,gloom,thought,over
subtropics,comprehensive,downtime,relaxation,subtropics
succession,genius,succession,dynasty,dominance
superior,chosen,superior,satisfaction,heir
superiority,outset,morale,ambition,superiority
supernatural,danger,private,supernatural,almighty
supporting,friend,supporting,understanding,manipulating
suppression,crime,punishment,capture,suppression
supremacy,chosen,reign,principality,supremacy
surprise,offering,enthusiasm,surprise,gladness
surrender,peacetime,surrender,apostle,repentance
suspense,suspense,killer,fright,horror
suspicion,suspicion,why,expert,possibility
symmetry,symmetry,microevolution,life,biosynthesis
sympathy,discrimination,benevolence,sympathy,dependent
syndicate,syndicate,acquisition,asset,economy
talent,harmony,interval,score,talent
tall,establishment,temporal,nighttime,tall
teacher,understanding,curriculum,derivation,teacher
temporal,millisecond,times,temporal,lifespan
tenderness,urge,tenderness,romantic,sensitive
territorial,nationality,territorial,locale,latitude
testament,christian,divinity,devotion,testament
testimony,testimony,tribunal,trusteeship,justification
thankfulness,holiday,passover,gathering,thankfulness
thanksgiving,happiness,december,noel,thanksgiving
theme,sounding,interlude,theme,listening
theology,sermon,theology,religion,devotion
theory,synthesis,testing,reaction,theory
therapy,timid,idle,therapy,afternoons
think,guess,recall,think,revelation
thinking,understanding,thinking,guess,recall
thirst,wonder,thirst,zenith,starting
thought,thought,guess,mind,confusion
threat,radioactivity,secret,trouble,threat
thrill,acclimation,thrill,exile,magnitude
times,duration,times,lifespan,temporal
timing,nanosecond,timing,tomorrow,ready
tolerance,happiness,tolerance,diversity,pride
tough,coolness,lean,tough,grudge
tour,tour,dimension,seeking,finding
trade,assemblage,farm,heartland,trade
trading,progress,metropolitan,trading,public
tradition,goddess,zen,tradition,sanctum
training,lean,training,health,vigor
translation,translation,faction,reasoning,yesteryear
treatment,medical,treatment,curing,ill
treaty,caucus,government,republic,treaty
trial,reform,trial,judiciary,principles
tribunal,principles,honesty,judiciary,tribunal
tribune,tone,tribune,glee,overcompensation
tropic,beauty,solitude,tropic,alleviation
trouble,trouble,specialty,disease,ill
trustee,acquisition,professional,trustee,counseling
trusteeship,legislation,justification,advocate,trusteeship
truth,advocate,truth,think,legislation
tyranny,principality,nobility,tyranny,monarchy
uncertainty,ignorance,inquiry,problem,uncertainty
understanding,reference,substitute,faction,understanding
underworld,underworld,doomed,temper,cult
unemployed,unemployed,revelation,criteria,storage
unemployment,position,furlough,thursday,unemployment
unhappiness,abuse,unhappiness,glance,uneasiness
union,union,virgin,closer,fidelity
unity,imagination,beauty,unity,sensitive
university,university,independent,insight,reasoning
unknown,unknown,magic,problem,discovery
vacation,downtime,vacation,nationality,territorial
value,finance,value,syndicate,incentive
vanity,career,feminization,vanity,clientele
variety,spoiling,need,ramadan,variety
velocity,aerospace,impulse,autonomy,velocity
veneration,christian,prayer,holiness,veneration
virtue,heaven,salvation,virtue,afterlife
vitality,practice,vitality,activity,raw
void,fear,void,science,magic
waiting,waiting,public,learning,collective
war,ruin,war,deterrence,disaster
wartime,disaster,revolutionary,doomsday,wartime
wealth,wealth,velocity,exclusive,privilege
wed,virgin,married,anniversary,wed
west,view,sahara,west,forward
western,western,boundary,gray,view
westernization,township,comedy,second,westernization
whereabouts,moment,whereabouts,duration,times
who,scanning,who,secret,disaffection
widowhood,demise,fright,doomed,widowhood
wild,brave,species,wild,nobility
wildness,wildness,saturation,solitary,outskirts
willing,presence,scorn,willing,approval
winner,winner,glory,fame,rank
wisdom,discovery,genius,wisdom,initial
wise,invention,mind,science,wise
wish,lifetime,gladness,exuberance,wish
wishing,lifetime,wishing,gladness,exuberance
wit,wit,presence,illumination,inquiry
withdrawal,debtor,withdrawal,guilt,dissatisfaction
woe,gloom,pity,circulation,woe
work,work,workweek,schedule,quarterly
workweek,workweek,quarterly,accounting,analysis
worse,feelings,worse,understand,general
worship,christianity,faith,testament,worship
worthy,autonomy,worthy,silence,bourgeois
wrath,fear,intensity,trembling,wrath
year,tomorrow,moment,timing,year
yearning,yearning,appreciation,stimulus,gloom
yesterday,temporal,yesterday,latitude,compare
yesteryear,intellectual,editorial,yesteryear,idle
youth,medium,youth,lull,practice
zoology,dear,great,alleviation,zoology